,tradeDate,preClosePrice,actPreClosePrice,openPrice,highestPrice,lowestPrice,closePrice,dealAmount,marketValue,isOpen
0,2015/1/5,15.84,15.84,15.99,16.28,15.6,16.02,92478,1.83E+11,1
1,2015/1/6,16.02,16.02,15.85,16.39,15.55,15.78,80325,1.80E+11,1
2,2015/1/7,15.78,15.78,15.56,15.83,15.3,15.48,72697,1.77E+11,1
3,2015/1/8,15.48,15.48,15.5,15.57,14.9,14.96,68734,1.71E+11,1
4,2015/1/9,14.96,14.96,14.9,15.87,14.71,15.08,99882,1.72E+11,1
5,2015/1/12,15.08,15.08,14.87,15.05,14.5,14.77,64376,1.69E+11,1
6,2015/1/13,14.77,14.77,14.65,14.9,14.61,14.68,34924,1.68E+11,1
7,2015/1/14,14.68,14.68,14.78,15.2,14.7,14.81,50675,1.69E+11,1
8,2015/1/15,14.81,14.81,14.85,15.35,14.71,15.35,54470,1.75E+11,1
9,2015/1/16,15.35,15.35,15.4,15.62,15.18,15.37,60637,1.76E+11,1
10,2015/1/19,15.37,15.37,14.01,14.57,13.83,13.83,103111,1.58E+11,1
11,2015/1/20,13.83,13.83,13.83,14.06,13.56,13.83,65826,1.58E+11,1
12,2015/1/21,13.83,13.83,13.88,14.6,13.75,14.42,78709,1.65E+11,1
13,2015/1/22,14.42,14.42,14.34,14.52,14.16,14.3,53599,1.63E+11,1
14,2015/1/23,14.3,14.3,14.36,14.63,14.3,14.4,53672,1.65E+11,1
15,2015/1/26,14.4,14.4,14.36,14.44,14.16,14.34,47025,1.64E+11,1
16,2015/1/27,14.34,14.34,14.35,14.37,13.83,13.99,61710,1.60E+11,1
17,2015/1/28,13.99,13.99,13.87,14.3,13.8,14.06,55381,1.61E+11,1
18,2015/1/29,14.06,14.06,13.82,14.01,13.75,13.9,43493,1.59E+11,1
19,2015/1/30,13.9,13.9,13.93,14.12,13.76,13.93,42061,1.59E+11,1
20,2015/2/2,13.93,13.93,13.6,13.8,13.55,13.63,36794,1.56E+11,1
21,2015/2/3,13.63,13.63,13.78,13.99,13.62,13.95,36730,1.59E+11,1
22,2015/2/4,13.95,13.95,14,14.04,13.7,13.71,36518,1.57E+11,1
23,2015/2/5,13.71,13.71,14.3,14.43,13.76,13.79,70932,1.58E+11,1
24,2015/2/6,13.79,13.79,13.69,13.95,13.4,13.51,41861,1.54E+11,1
25,2015/2/9,13.51,13.51,13.5,13.68,13.22,13.52,40359,1.54E+11,1
26,2015/2/10,13.52,13.52,13.49,13.82,13.42,13.77,31639,1.57E+11,1
27,2015/2/11,13.77,13.77,13.78,13.85,13.68,13.73,25377,1.57E+11,1
28,2015/2/12,13.73,13.73,13.75,13.9,13.62,13.86,26754,1.58E+11,1
29,2015/2/13,13.86,13.86,13.93,14.18,13.84,13.95,40057,1.59E+11,1
30,2015/2/16,13.95,13.95,13.95,14.01,13.73,13.92,33530,1.59E+11,1
31,2015/2/17,13.92,13.92,13.96,14.11,13.93,13.99,28204,1.60E+11,1
32,2015/2/25,13.99,13.99,14.04,14.05,13.76,13.8,27758,1.58E+11,1
33,2015/2/26,13.8,13.8,13.8,14.08,13.6,14.07,43423,1.61E+11,1
34,2015/2/27,14.07,14.07,14.06,14.16,13.96,13.99,36250,1.60E+11,1
35,2015/3/2,13.99,13.99,14.03,14.09,13.87,14.03,44197,1.60E+11,1
36,2015/3/3,14.03,14.03,13.98,13.98,13.59,13.6,56118,1.55E+11,1
37,2015/3/4,13.6,13.6,13.62,13.72,13.5,13.57,38655,1.55E+11,1
38,2015/3/5,13.57,13.57,13.5,13.53,13.29,13.38,47331,1.53E+11,1
39,2015/3/6,13.38,13.38,13.37,13.51,13.35,13.44,27683,1.54E+11,1
40,2015/3/9,13.44,13.44,13.47,14.34,13.32,14.15,97151,1.62E+11,1
41,2015/3/10,14.15,14.15,14,14.12,13.77,13.77,58427,1.57E+11,1
42,2015/3/11,13.77,13.77,13.79,14.08,13.79,13.86,40758,1.58E+11,1
43,2015/3/12,13.86,13.86,14.2,14.96,14.08,14.6,133212,1.67E+11,1
44,2015/3/13,14.6,14.6,14.9,15.61,14.8,14.99,138101,1.71E+11,1
45,2015/3/16,14.99,14.99,15.1,15.5,14.92,15.41,87756,1.76E+11,1
46,2015/3/17,15.41,15.41,15.51,15.8,15.25,15.4,86163,1.76E+11,1
47,2015/3/18,15.4,15.4,15.36,15.58,15.29,15.51,76327,1.77E+11,1
48,2015/3/19,15.51,15.51,15.48,15.48,15.12,15.19,74068,1.74E+11,1
49,2015/3/20,15.19,15.19,15.19,15.55,15.06,15.32,87524,1.75E+11,1
50,2015/3/23,15.32,15.32,15.33,15.56,15.33,15.43,68827,1.76E+11,1
51,2015/3/24,15.43,15.43,15.43,15.59,15.22,15.35,69365,1.75E+11,1
52,2015/3/25,15.35,15.35,15.28,15.32,14.89,14.91,82836,1.70E+11,1
53,2015/3/26,14.91,14.91,14.86,15.42,14.71,15.11,68419,1.73E+11,1
54,2015/3/27,15.11,15.11,15.1,15.29,14.86,15.08,48597,1.72E+11,1
55,2015/3/30,15.08,15.08,15.23,15.94,15.1,15.66,110092,1.79E+11,1
56,2015/3/31,15.66,15.66,16.04,16.6,15.63,15.75,114032,1.80E+11,1
57,2015/4/1,15.75,15.75,15.82,16.14,15.55,15.96,72105,1.82E+11,1
58,2015/4/2,15.96,15.96,16.09,16.14,15.62,15.8,72424,1.81E+11,1
59,2015/4/3,15.8,15.8,15.7,15.94,15.61,15.85,61025,1.81E+11,1
60,2015/4/7,15.85,15.85,16.15,16.96,16.15,16.81,131387,1.92E+11,1
61,2015/4/8,16.81,16.81,16.93,18.08,16.65,17.92,135077,2.05E+11,1
62,2015/4/9,17.92,17.92,17.95,19.05,17.73,18,148293,2.06E+11,1
63,2015/4/10,18,18,18,19.8,17.85,19.8,139375,2.26E+11,1
64,2015/4/13,16.36,19.8,17,17.16,16.15,16.54,252667,2.27E+11,1
65,2015/4/14,16.54,16.54,16.5,16.5,16.1,16.3,146941,2.23E+11,1
66,2015/4/15,16.3,16.3,16.3,17.28,16.1,16.65,185952,2.28E+11,1
67,2015/4/16,16.65,16.65,16.34,17.1,16.25,17,137711,2.33E+11,1
68,2015/4/17,17,17,17.5,17.5,16.8,16.93,143174,2.32E+11,1
69,2015/4/20,16.93,16.93,17.1,17.2,16.16,16.3,185514,2.23E+11,1
70,2015/4/21,16.3,16.3,16.32,16.7,15.98,16.56,130944,2.27E+11,1
71,2015/4/22,16.56,16.56,16.58,16.98,16.5,16.95,140086,2.32E+11,1
72,2015/4/23,16.95,16.95,16.98,17.04,16.56,16.66,120787,2.28E+11,1
73,2015/4/24,16.66,16.66,16.3,16.51,16.01,16.14,155190,2.21E+11,1
74,2015/4/27,16.14,16.14,16.21,16.6,16.2,16.42,109503,2.25E+11,1
75,2015/4/28,16.42,16.42,16.45,17.38,16.22,16.7,229980,2.29E+11,1
76,2015/4/29,16.7,16.7,16.66,16.75,16.2,16.65,96370,2.28E+11,1
77,2015/4/30,16.65,16.65,16.83,17.26,16.68,16.7,120845,2.29E+11,1
78,2015/5/4,16.7,16.7,16.7,16.7,16.28,16.52,73299,2.26E+11,1
79,2015/5/5,16.52,16.52,16.41,16.52,15.5,15.86,128803,2.17E+11,1
80,2015/5/6,15.86,15.86,15.82,16.3,15.49,15.72,92870,2.16E+11,1
81,2015/5/7,15.72,15.72,15.72,15.88,15.5,15.67,68336,2.15E+11,1
82,2015/5/8,15.67,15.67,15.71,15.98,15.5,15.85,63265,2.17E+11,1
83,2015/5/11,15.85,15.85,15.8,16.12,15.49,16.03,96857,2.20E+11,1
84,2015/5/12,16.03,16.03,15.98,16.18,15.65,15.96,87455,2.19E+11,1
85,2015/5/13,15.96,15.96,16.18,16.25,15.74,15.88,83561,2.18E+11,1
86,2015/5/14,15.88,15.88,16,16.05,15.69,15.89,69898,2.18E+11,1
87,2015/5/15,15.89,15.89,15.8,15.88,15.27,15.45,90932,2.12E+11,1
88,2015/5/18,15.45,15.45,15.2,15.35,14.97,15.18,85218,2.08E+11,1
89,2015/5/19,15.18,15.18,15.17,15.74,15.05,15.59,91077,2.14E+11,1
90,2015/5/20,15.59,15.59,16.01,16.15,15.6,15.74,119745,2.16E+11,1
91,2015/5/21,15.74,15.74,15.8,15.89,15.62,15.79,71273,2.26E+11,1
92,2015/5/22,15.79,15.79,15.91,16.3,15.82,16.27,125037,2.33E+11,1
93,2015/5/25,16.27,16.27,16.35,16.71,16.35,16.6,119634,2.38E+11,1
94,2015/5/26,16.6,16.6,16.63,16.7,16.28,16.62,126154,2.38E+11,1
95,2015/5/27,16.62,16.62,16.62,16.91,16.4,16.48,107014,2.36E+11,1
96,2015/5/28,16.48,16.48,16.5,16.51,15.43,15.5,137909,2.22E+11,1
97,2015/5/29,15.5,15.5,15.51,15.67,15.11,15.32,99260,2.19E+11,1
98,2015/6/1,15.32,15.32,15.33,15.98,15.19,15.9,95904,2.28E+11,1
99,2015/6/2,15.9,15.9,15.89,15.9,15.52,15.77,89653,2.26E+11,1
100,2015/6/3,15.77,15.77,15.77,15.95,15.5,15.83,93394,2.27E+11,1
101,2015/6/4,15.83,15.83,15.85,16.58,15.66,16.37,174565,2.34E+11,1
102,2015/6/5,16.37,16.37,16.7,16.8,16.03,16.3,130545,2.33E+11,1
103,2015/6/8,16.3,16.3,16.32,17.45,16.19,17.29,240327,2.47E+11,1
104,2015/6/9,17.29,17.29,17.36,17.45,16.68,16.98,159701,2.43E+11,1
105,2015/6/10,16.98,16.98,16.8,16.93,16.53,16.68,99496,2.39E+11,1
106,2015/6/11,16.68,16.68,16.68,16.77,16.35,16.48,89297,2.36E+11,1
107,2015/6/12,16.48,16.48,16.48,16.63,16.31,16.51,91598,2.36E+11,1
108,2015/6/15,16.51,16.51,16.53,16.6,15.9,15.92,117222,2.28E+11,1
109,2015/6/16,15.92,15.92,15.8,16.06,15.5,15.64,92566,2.24E+11,1
110,2015/6/17,15.64,15.64,15.83,15.89,15.45,15.73,80737,2.25E+11,1
111,2015/6/18,15.73,15.73,15.68,15.68,15.01,15.38,88953,2.20E+11,1
112,2015/6/19,15.38,15.38,15.25,15.39,14.5,14.63,82703,2.09E+11,1
113,2015/6/23,14.63,14.63,14.64,14.97,14.11,14.95,84698,2.14E+11,1
114,2015/6/24,14.95,14.95,15,15.13,14.7,15.12,73364,2.16E+11,1
115,2015/6/25,15.12,15.12,15.58,15.63,14.76,14.87,93449,2.13E+11,1
116,2015/6/26,14.87,14.87,14.64,14.95,13.38,13.77,118328,1.97E+11,1
117,2015/6/29,13.77,13.77,14.08,14.15,12.75,13.56,111088,1.94E+11,1
118,2015/6/30,13.56,13.56,13.54,14.54,13.38,14.54,107131,2.08E+11,1
119,2015/7/1,14.54,14.54,14.35,14.59,13.74,13.92,82007,1.99E+11,1
120,2015/7/2,13.92,13.92,13.9,14.31,13.38,13.75,76253,1.97E+11,1
121,2015/7/3,13.75,13.75,13.98,13.99,12.79,13.07,92667,1.87E+11,1
122,2015/7/6,13.07,13.07,14.3,14.31,13.29,13.88,114458,1.99E+11,1
123,2015/7/7,13.88,13.88,13.66,14.65,13.21,14.65,164905,2.10E+11,1
124,2015/7/8,14.65,14.65,13.81,14,13.19,13.19,148965,1.89E+11,1
125,2015/7/9,13.19,13.19,13.19,14.44,12.11,14.26,185810,2.04E+11,1
126,2015/7/10,14.26,14.26,13.85,15.36,13.61,14.86,226152,2.13E+11,1
127,2015/7/13,14.86,14.86,14.4,14.89,14.12,14.44,166713,2.07E+11,1
128,2015/7/14,14.44,14.44,14.2,14.38,13.51,13.87,132988,1.98E+11,1
129,2015/7/15,13.87,13.87,13.66,13.96,13.4,13.58,77977,1.94E+11,1
130,2015/7/16,13.58,13.58,13.6,13.76,13.42,13.6,55387,1.95E+11,1
131,2015/7/17,13.6,13.6,13.66,13.94,13.53,13.82,62288,1.98E+11,1
132,2015/7/20,13.82,13.82,13.8,13.8,13.53,13.6,59646,1.95E+11,1
133,2015/7/21,13.6,13.6,13.51,13.64,13.38,13.57,51903,1.94E+11,1
134,2015/7/22,13.57,13.57,13.49,13.54,13.34,13.52,48025,1.93E+11,1
135,2015/7/23,13.52,13.52,13.46,13.75,13.41,13.67,56488,1.96E+11,1
136,2015/7/24,13.67,13.67,13.68,13.7,13.32,13.38,56037,1.91E+11,1
137,2015/7/27,13.38,13.38,13.25,13.32,12.04,12.44,86632,1.78E+11,1
138,2015/7/28,12.44,12.44,12.19,12.76,12.15,12.62,62063,1.81E+11,1
139,2015/7/29,12.62,12.62,12.6,12.62,12.38,12.6,40405,1.80E+11,1
140,2015/7/30,12.6,12.6,12.61,12.64,12.23,12.26,36451,1.75E+11,1
141,2015/7/31,12.26,12.26,12.16,12.42,12.02,12.36,34012,1.77E+11,1
142,2015/8/3,12.36,12.36,12.2,12.85,12.15,12.82,47389,1.83E+11,1
143,2015/8/4,12.82,12.82,12.77,12.99,12.59,12.86,36103,1.84E+11,1
144,2015/8/5,12.86,12.86,12.8,12.95,12.57,12.59,46538,1.80E+11,1
145,2015/8/6,12.59,12.59,12.5,12.73,12.43,12.53,19080,1.79E+11,1
146,2015/8/7,12.53,12.53,12.61,12.72,12.54,12.61,28213,1.80E+11,1
147,2015/8/10,12.61,12.61,12.66,12.99,12.55,12.92,47460,1.85E+11,1
148,2015/8/11,12.92,12.92,12.91,12.95,12.79,12.84,35269,1.84E+11,1
149,2015/8/12,12.84,12.84,12.69,12.77,12.56,12.57,30908,1.80E+11,1
150,2015/8/13,12.57,12.57,12.51,12.67,12.42,12.57,28254,1.80E+11,1
151,2015/8/14,12.57,12.57,12.69,12.75,12.58,12.64,31776,1.81E+11,1
152,2015/8/17,12.64,12.64,12.61,12.69,12.45,12.54,31404,1.79E+11,1
153,2015/8/18,12.54,12.54,12.5,12.74,11.95,12.27,56468,1.76E+11,1
154,2015/8/19,12.27,12.27,12.1,12.23,11.9,12.23,46687,1.75E+11,1
155,2015/8/20,12.23,12.23,12.17,12.17,11.9,12.05,32581,1.72E+11,1
156,2015/8/21,12.05,12.05,11.9,11.99,11.46,11.5,46906,1.65E+11,1
157,2015/8/24,11.5,11.5,11.1,11.17,10.35,10.35,63979,1.48E+11,1
158,2015/8/25,10.35,10.35,9.85,10.35,9.32,9.46,75363,1.35E+11,1
159,2015/8/26,9.46,9.46,9.6,10.23,9.3,9.91,86152,1.42E+11,1
160,2015/8/27,9.91,9.91,10.16,10.9,9.86,10.8,66783,1.55E+11,1
161,2015/8/28,10.8,10.8,10.89,11.09,10.55,10.83,63080,1.55E+11,1
162,2015/8/31,10.83,10.83,10.71,11.07,10.48,11.07,52040,1.58E+11,1
163,2015/9/1,11.07,11.07,10.9,11.61,10.61,11.57,79498,1.66E+11,1
164,2015/9/2,11.57,11.57,11.18,12,11.06,11.84,71363,1.69E+11,1
165,2015/9/7,11.84,11.84,11.55,11.56,10.89,10.89,58761,1.56E+11,1
166,2015/9/8,10.89,10.89,10.88,11.15,10.59,11,41272,1.57E+11,1
167,2015/9/9,11,11,11.03,11.19,10.88,11.1,35281,1.59E+11,1
168,2015/9/10,11.1,11.1,11,11.18,10.94,11.05,18991,1.58E+11,1
169,2015/9/11,11.05,11.05,11.02,11.12,10.88,10.96,19234,1.57E+11,1
170,2015/9/14,10.96,10.96,10.99,11,10.45,10.87,56799,1.56E+11,1
171,2015/9/15,10.87,10.87,10.69,10.85,10.5,10.57,21166,1.51E+11,1
172,2015/9/16,10.57,10.57,10.59,11.08,10.52,10.9,24313,1.56E+11,1
173,2015/9/17,10.9,10.9,10.85,11.14,10.77,10.77,26203,1.54E+11,1
174,2015/9/18,10.77,10.77,10.84,10.96,10.73,10.81,12826,1.55E+11,1
175,2015/9/21,10.81,10.81,10.7,10.89,10.65,10.82,16877,1.55E+11,1
176,2015/9/22,10.82,10.82,10.83,11.06,10.82,10.96,22560,1.57E+11,1
177,2015/9/23,10.96,10.96,10.86,10.91,10.68,10.7,17425,1.53E+11,1
178,2015/9/24,10.7,10.7,10.76,10.81,10.67,10.71,10934,1.53E+11,1
179,2015/9/25,10.71,10.71,10.69,10.71,10.45,10.55,19829,1.51E+11,1
180,2015/9/28,10.55,10.55,10.56,10.59,10.43,10.53,8817,1.51E+11,1
181,2015/9/29,10.53,10.53,10.45,10.56,10.32,10.38,14396,1.49E+11,1
182,2015/9/30,10.38,10.38,10.4,10.59,10.39,10.49,14468,1.50E+11,1
183,2015/10/8,10.49,10.49,10.85,10.89,10.7,10.7,22257,1.53E+11,1
184,2015/10/9,10.7,10.7,10.75,10.95,10.72,10.9,17996,1.56E+11,1
185,2015/10/12,10.9,10.9,10.96,11.38,10.91,11.23,34196,1.61E+11,1
186,2015/10/13,11.23,11.23,11.2,11.26,11.09,11.13,16045,1.59E+11,1
187,2015/10/14,11.13,11.13,11.04,11.15,10.94,10.98,18222,1.57E+11,1
188,2015/10/15,10.98,10.98,10.95,11.17,10.94,11.17,18938,1.60E+11,1
189,2015/10/16,11.17,11.17,11.21,11.3,11.16,11.23,21827,1.61E+11,1
190,2015/10/19,11.23,11.23,11.27,11.35,11.15,11.26,22931,1.61E+11,1
191,2015/10/20,11.26,11.26,11.2,11.38,11.19,11.32,23920,1.62E+11,1
192,2015/10/21,11.32,11.32,11.29,11.75,11.18,11.22,46795,1.61E+11,1
193,2015/10/22,11.22,11.22,11.25,11.4,11.18,11.33,23845,1.62E+11,1
194,2015/10/23,11.33,11.33,11.39,11.53,11.34,11.47,29309,1.64E+11,1
195,2015/10/26,11.47,11.47,11.6,11.81,11.44,11.52,38751,1.65E+11,1
196,2015/10/27,11.52,11.52,11.5,11.64,11.34,11.48,22646,1.64E+11,1
197,2015/10/28,11.48,11.48,11.46,11.48,11.25,11.27,21930,1.61E+11,1
198,2015/10/29,11.27,11.27,11.3,11.36,11.25,11.27,11878,1.61E+11,1
199,2015/10/30,11.27,11.27,11.3,11.42,11.27,11.36,16436,1.63E+11,1
200,2015/11/2,11.36,11.36,11.27,11.32,11.1,11.14,19667,1.59E+11,1
201,2015/11/3,11.14,11.14,11.15,11.21,11.01,11.05,16726,1.58E+11,1
202,2015/11/4,11.05,11.05,11.08,11.7,11.05,11.69,41387,1.67E+11,1
203,2015/11/5,11.69,11.69,11.6,12.57,11.55,12.07,72900,1.73E+11,1
204,2015/11/6,12.07,12.07,12.02,12.41,11.92,12.39,50722,1.77E+11,1
205,2015/11/9,12.39,12.39,12.5,13.38,12.46,12.94,85722,1.85E+11,1
206,2015/11/10,12.94,12.94,12.8,13.07,12.61,12.75,50977,1.82E+11,1
207,2015/11/11,12.75,12.75,12.7,12.78,12.38,12.55,46584,1.80E+11,1
208,2015/11/12,12.55,12.55,12.6,12.65,12.28,12.4,30188,1.77E+11,1
209,2015/11/13,12.4,12.4,12.22,12.48,12.19,12.24,24857,1.75E+11,1
210,2015/11/16,12.24,12.24,12.13,12.39,12.09,12.34,21445,1.77E+11,1
211,2015/11/17,12.34,12.34,12.41,12.7,12.36,12.5,39943,1.79E+11,1
212,2015/11/18,12.5,12.5,12.46,12.7,12.31,12.42,29780,1.78E+11,1
213,2015/11/19,12.42,12.42,12.4,12.51,12.33,12.5,17571,1.79E+11,1
214,2015/11/20,12.5,12.5,12.5,12.59,12.42,12.55,21317,1.80E+11,1
215,2015/11/23,12.55,12.55,12.55,12.6,12.38,12.45,20864,1.78E+11,1
216,2015/11/24,12.45,12.45,12.41,12.45,12.16,12.28,25155,1.76E+11,1
217,2015/11/25,12.28,12.28,12.21,12.37,12.17,12.32,19150,1.76E+11,1
218,2015/11/26,12.32,12.32,12.36,12.38,12.2,12.23,18484,1.75E+11,1
219,2015/11/27,12.23,12.23,12.18,12.2,11.53,11.73,30480,1.68E+11,1
220,2015/11/30,11.73,11.73,11.72,11.87,11.5,11.74,25982,1.68E+11,1
221,2015/12/1,11.74,11.74,11.7,11.86,11.51,11.75,24093,1.68E+11,1
222,2015/12/2,11.75,11.75,11.7,12.64,11.66,12.51,62841,1.79E+11,1
223,2015/12/3,12.51,12.51,12.39,12.75,12.25,12.45,50065,1.78E+11,1
224,2015/12/4,12.45,12.45,12.31,12.38,12.08,12.12,30109,1.73E+11,1
225,2015/12/7,12.12,12.12,12.18,12.25,12.04,12.15,16242,1.74E+11,1
226,2015/12/8,12.15,12.15,12.07,12.09,11.9,11.96,20027,1.71E+11,1
227,2015/12/9,11.96,11.96,11.92,12.12,11.9,11.99,16013,1.72E+11,1
228,2015/12/10,11.99,11.99,11.95,12.14,11.91,11.96,16636,1.71E+11,1
229,2015/12/11,11.96,11.96,11.91,11.92,11.73,11.83,16543,1.69E+11,1
230,2015/12/14,11.83,11.83,11.73,12.11,11.71,12.07,21637,1.73E+11,1
231,2015/12/15,12.07,12.07,12.03,12.09,11.86,11.92,15278,1.71E+11,1
232,2015/12/16,11.92,11.92,11.98,12.01,11.88,11.89,13945,1.70E+11,1
233,2015/12/17,11.89,11.89,11.97,12.14,11.96,12.07,23722,1.73E+11,1
234,2015/12/18,12.07,12.07,12.03,12.55,12.02,12.23,41842,1.75E+11,1
235,2015/12/21,12.23,12.23,12.14,12.72,12.11,12.51,49831,1.79E+11,1
236,2015/12/22,12.51,12.51,12.5,12.62,12.38,12.43,26793,1.78E+11,1
237,2015/12/23,12.43,12.43,12.47,12.78,12.4,12.48,38256,1.79E+11,1
238,2015/12/24,12.48,12.48,12.46,12.56,12.24,12.34,23266,1.77E+11,1
239,2015/12/25,12.34,12.34,12.38,12.47,12.33,12.41,19587,1.78E+11,1
240,2015/12/28,12.41,12.41,12.43,12.46,11.98,11.98,33043,1.71E+11,1
241,2015/12/29,11.98,11.98,11.99,12.1,11.97,12.09,20170,1.73E+11,1
242,2015/12/30,12.09,12.09,12.09,12.11,11.95,12.1,18064,1.73E+11,1
243,2015/12/31,12.1,12.1,12.1,12.13,11.98,11.99,14765,1.72E+11,1
244,2016/1/4,11.99,11.99,12,12.03,11.23,11.33,24835,1.62E+11,1
245,2016/1/5,11.33,11.33,11.27,11.57,11.15,11.4,29217,1.63E+11,1
246,2016/1/6,11.4,11.4,11.42,11.56,11.39,11.53,20359,1.65E+11,1
247,2016/1/7,11.53,11.53,11.41,11.41,10.91,10.94,6596,1.57E+11,1
248,2016/1/8,10.94,10.94,11.21,11.29,10.9,11.12,29002,1.59E+11,1
249,2016/1/11,11.12,11.12,11,11.08,10.68,10.76,28844,1.54E+11,1
250,2016/1/12,10.76,10.76,10.83,10.91,10.64,10.81,21970,1.55E+11,1
251,2016/1/13,10.81,10.81,10.89,10.94,10.7,10.71,16317,1.53E+11,1
252,2016/1/14,10.71,10.71,10.59,10.8,10.48,10.77,22599,1.54E+11,1
253,2016/1/15,10.77,10.77,10.66,10.8,10.42,10.46,19564,1.50E+11,1
254,2016/1/18,10.46,10.46,10.34,10.56,10.3,10.41,15687,1.49E+11,1
255,2016/1/19,10.41,10.41,10.45,10.78,10.41,10.71,20281,1.53E+11,1
256,2016/1/20,10.71,10.71,10.7,10.8,10.44,10.54,24186,1.51E+11,1
257,2016/1/21,10.54,10.54,10.48,10.75,10.32,10.32,24304,1.48E+11,1
258,2016/1/22,10.32,10.32,10.4,10.45,10.22,10.4,19314,1.49E+11,1
259,2016/1/25,10.4,10.4,10.4,10.44,10.33,10.37,15027,1.48E+11,1
260,2016/1/26,10.37,10.37,10.32,10.32,9.86,9.87,28224,1.41E+11,1
261,2016/1/27,9.87,9.87,9.93,9.98,9.6,9.88,23671,1.41E+11,1
262,2016/1/28,9.88,9.88,9.82,9.89,9.65,9.69,14465,1.39E+11,1
263,2016/1/29,9.69,9.69,9.74,10.08,9.69,10,20045,1.43E+11,1
264,2016/2/1,10,10,9.98,10.01,9.74,9.8,14097,1.40E+11,1
265,2016/2/2,9.8,9.8,9.8,10.03,9.78,9.95,15170,1.42E+11,1
266,2016/2/3,9.95,9.95,9.85,9.89,9.77,9.85,14165,1.41E+11,1
267,2016/2/4,9.85,9.85,9.89,10,9.88,9.95,15906,1.42E+11,1
268,2016/2/5,9.95,9.95,9.96,9.97,9.91,9.92,10536,1.42E+11,1
269,2016/2/15,9.92,9.92,9.66,9.85,9.65,9.79,13014,1.40E+11,1
270,2016/2/16,9.79,9.79,9.84,10.03,9.83,10.01,18678,1.43E+11,1
271,2016/2/17,10.01,10.01,10.03,10.22,9.99,10.15,21807,1.45E+11,1
272,2016/2/18,10.15,10.15,10.18,10.22,10.09,10.09,14873,1.44E+11,1
273,2016/2/19,10.09,10.09,10.09,10.14,9.99,10.04,12623,1.44E+11,1
274,2016/2/22,10.04,10.04,10.13,10.31,10.06,10.29,25503,1.47E+11,1
275,2016/2/23,10.29,10.29,10.29,10.29,10.05,10.12,17332,1.45E+11,1
276,2016/2/24,10.12,10.12,10.06,10.15,10.01,10.15,13448,1.45E+11,1
277,2016/2/25,10.15,10.15,10.12,10.13,9.6,9.67,26917,1.38E+11,1
278,2016/2/26,9.67,9.67,9.77,9.83,9.66,9.79,15851,1.40E+11,1
279,2016/2/29,9.79,9.79,9.79,9.81,9.42,9.56,25620,1.37E+11,1
280,2016/3/1,9.56,9.56,9.62,9.77,9.58,9.7,14378,1.39E+11,1
281,2016/3/2,9.7,9.7,9.75,10.13,9.72,10.1,27847,1.45E+11,1
282,2016/3/3,10.1,10.1,10.09,10.18,10.04,10.11,16607,1.45E+11,1
283,2016/3/4,10.11,10.11,10.09,10.5,10.07,10.4,44287,1.49E+11,1
284,2016/3/7,10.4,10.4,10.35,10.49,10.3,10.34,20463,1.48E+11,1
285,2016/3/8,10.34,10.34,10.36,10.36,9.94,10.28,23208,1.47E+11,1
286,2016/3/9,10.28,10.28,10.14,10.22,10.04,10.17,12219,1.46E+11,1
287,2016/3/10,10.17,10.17,10.24,10.35,10.13,10.15,19427,1.45E+11,1
288,2016/3/11,10.15,10.15,10.1,10.22,10.04,10.16,15432,1.45E+11,1
289,2016/3/14,10.16,10.16,10.21,10.46,10.21,10.26,26915,1.47E+11,1
290,2016/3/15,10.26,10.26,10.28,10.36,10.16,10.32,16574,1.48E+11,1
291,2016/3/16,10.32,10.32,10.27,10.45,10.25,10.35,22806,1.48E+11,1
292,2016/3/17,10.35,10.35,10.36,10.48,10.3,10.42,22933,1.49E+11,1
293,2016/3/18,10.42,10.42,10.42,10.57,10.4,10.54,28890,1.51E+11,1
294,2016/3/21,10.54,10.54,10.55,10.86,10.55,10.8,36344,1.55E+11,1
295,2016/3/22,10.8,10.8,10.77,10.94,10.69,10.72,26028,1.53E+11,1
296,2016/3/23,10.72,10.72,10.71,10.77,10.61,10.7,17875,1.53E+11,1
297,2016/3/24,10.7,10.7,10.61,10.63,10.5,10.52,18373,1.51E+11,1
298,2016/3/25,10.52,10.52,10.51,10.6,10.5,10.59,12198,1.52E+11,1
299,2016/3/28,10.59,10.59,10.62,10.65,10.45,10.48,16355,1.50E+11,1
300,2016/3/29,10.48,10.48,10.51,10.52,10.38,10.43,13754,1.49E+11,1
301,2016/3/30,10.43,10.43,10.48,10.7,10.47,10.7,19661,1.53E+11,1
302,2016/3/31,10.7,10.7,10.71,10.75,10.64,10.64,14779,1.52E+11,1
303,2016/4/1,10.64,10.64,10.62,10.69,10.5,10.66,13604,1.53E+11,1
304,2016/4/5,10.66,10.66,10.62,10.81,10.5,10.7,20337,1.53E+11,1
305,2016/4/6,10.7,10.7,10.68,10.75,10.61,10.72,14953,1.53E+11,1
306,2016/4/7,10.72,10.72,10.72,10.73,10.59,10.59,13546,1.52E+11,1
307,2016/4/8,10.59,10.59,10.55,10.67,10.5,10.57,13781,1.51E+11,1
308,2016/4/11,10.57,10.57,10.6,10.8,10.6,10.72,21076,1.53E+11,1
309,2016/4/12,10.72,10.72,10.7,10.71,10.62,10.67,10443,1.53E+11,1
310,2016/4/13,10.67,10.67,10.73,10.97,10.71,10.81,30010,1.55E+11,1
311,2016/4/14,10.81,10.81,10.88,10.9,10.79,10.84,13192,1.55E+11,1
312,2016/4/15,10.84,10.84,10.84,10.94,10.8,10.88,15921,1.56E+11,1
313,2016/4/18,10.88,10.88,10.82,10.85,10.73,10.73,13058,1.54E+11,1
314,2016/4/19,10.73,10.73,10.77,10.81,10.71,10.77,8399,1.54E+11,1
315,2016/4/20,10.77,10.77,10.77,10.78,10.36,10.52,23006,1.51E+11,1
316,2016/4/21,10.52,10.52,10.52,10.63,10.45,10.51,17692,1.50E+11,1
317,2016/4/22,10.51,10.51,10.46,10.62,10.41,10.55,12976,1.51E+11,1
318,2016/4/25,10.55,10.55,10.56,10.56,10.42,10.5,13600,1.50E+11,1
319,2016/4/26,10.5,10.5,10.48,10.6,10.46,10.59,10586,1.52E+11,1
320,2016/4/27,10.59,10.59,10.58,10.61,10.52,10.57,8609,1.51E+11,1
321,2016/4/28,10.57,10.57,10.58,10.76,10.54,10.66,15859,1.53E+11,1
322,2016/4/29,10.66,10.66,10.64,10.64,10.55,10.57,12539,1.51E+11,1
323,2016/5/3,10.57,10.57,10.58,10.72,10.52,10.68,14504,1.53E+11,1
324,2016/5/4,10.68,10.68,10.68,10.75,10.66,10.72,13679,1.53E+11,1
325,2016/5/5,10.72,10.72,10.69,10.72,10.65,10.72,8636,1.53E+11,1
326,2016/5/6,10.72,10.72,10.73,10.73,10.52,10.52,14312,1.51E+11,1
327,2016/5/9,10.52,10.52,10.5,10.53,10.32,10.35,16065,1.48E+11,1
328,2016/5/10,10.35,10.35,10.34,10.37,10.27,10.28,11507,1.47E+11,1
329,2016/5/11,10.28,10.28,10.3,10.44,10.3,10.37,11612,1.48E+11,1
330,2016/5/12,10.37,10.37,10.31,10.4,10.25,10.38,12778,1.49E+11,1
331,2016/5/13,10.38,10.38,10.35,10.4,10.33,10.35,6945,1.48E+11,1
332,2016/5/16,10.35,10.35,10.32,10.36,10.25,10.36,8880,1.48E+11,1
333,2016/5/17,10.36,10.36,10.36,10.37,10.24,10.3,8987,1.47E+11,1
334,2016/5/18,10.3,10.3,10.29,10.32,10.17,10.3,14308,1.47E+11,1
335,2016/5/19,10.3,10.3,10.27,10.32,10.25,10.25,6985,1.47E+11,1
336,2016/5/20,10.25,10.25,10.24,10.33,10.19,10.3,7142,1.47E+11,1
337,2016/5/23,10.3,10.3,10.33,10.34,10.25,10.28,8774,1.47E+11,1
338,2016/5/24,10.28,10.28,10.27,10.28,10.19,10.21,9440,1.46E+11,1
339,2016/5/25,10.21,10.21,10.25,10.28,10.19,10.23,6918,1.46E+11,1
340,2016/5/26,10.23,10.23,10.22,10.27,10.17,10.22,8153,1.46E+11,1
341,2016/5/27,10.22,10.22,10.22,10.29,10.19,10.27,7544,1.47E+11,1
342,2016/5/30,10.27,10.27,10.25,10.28,10.2,10.28,9339,1.47E+11,1
343,2016/5/31,10.28,10.28,10.26,10.57,10.26,10.55,28736,1.51E+11,1
344,2016/6/1,10.55,10.55,10.51,10.55,10.44,10.48,16191,1.50E+11,1
345,2016/6/2,10.48,10.48,10.47,10.48,10.42,10.46,10414,1.50E+11,1
346,2016/6/3,10.46,10.46,10.47,10.52,10.41,10.5,12225,1.50E+11,1
347,2016/6/6,10.5,10.5,10.51,10.53,10.45,10.51,11101,1.50E+11,1
348,2016/6/7,10.51,10.51,10.52,10.53,10.48,10.52,10230,1.51E+11,1
349,2016/6/8,10.52,10.52,10.54,10.54,10.46,10.5,9268,1.50E+11,1
350,2016/6/13,10.5,10.5,10.46,10.47,10.33,10.33,14729,1.48E+11,1
351,2016/6/14,10.33,10.33,10.34,10.41,10.32,10.4,9532,1.49E+11,1
352,2016/6/15,10.4,10.4,10.33,10.48,10.32,10.44,12771,1.49E+11,1
353,2016/6/16,8.57,10.44,8.57,8.6,8.53,8.57,16409,1.47E+11,1
354,2016/6/17,8.57,8.57,8.57,8.61,8.54,8.58,13121,1.47E+11,1
355,2016/6/20,8.58,8.58,8.59,8.6,8.56,8.6,7657,1.48E+11,1
356,2016/6/21,8.6,8.6,8.61,8.65,8.58,8.61,10392,1.48E+11,1
357,2016/6/22,8.61,8.61,8.6,8.73,8.58,8.73,11969,1.50E+11,1
358,2016/6/23,8.73,8.73,8.67,8.7,8.63,8.66,8660,1.49E+11,1
359,2016/6/24,8.66,8.66,8.64,8.7,8.52,8.57,12779,1.47E+11,1
360,2016/6/27,8.57,8.57,8.57,8.64,8.54,8.61,9126,1.48E+11,1
361,2016/6/28,8.61,8.61,8.58,8.64,8.56,8.63,9556,1.48E+11,1
362,2016/6/29,8.63,8.63,8.63,8.69,8.62,8.69,12401,1.49E+11,1
363,2016/6/30,8.69,8.69,8.69,8.74,8.66,8.7,9946,1.49E+11,1
364,2016/7/1,8.7,8.7,8.69,8.73,8.68,8.71,8809,1.50E+11,1
365,2016/7/4,8.71,8.71,8.69,8.86,8.67,8.81,16927,1.51E+11,1
366,2016/7/5,8.81,8.81,8.8,8.83,8.77,8.81,10776,1.51E+11,1
367,2016/7/6,8.81,8.81,8.8,8.82,8.76,8.79,9677,1.51E+11,1
368,2016/7/7,8.79,8.79,8.79,8.8,8.74,8.78,13457,1.51E+11,1
369,2016/7/8,8.78,8.78,8.79,8.79,8.73,8.74,8626,1.50E+11,1
370,2016/7/11,8.74,8.74,8.75,8.79,8.74,8.75,10924,1.50E+11,1
371,2016/7/12,8.75,8.75,8.75,8.89,8.74,8.88,17321,1.52E+11,1
372,2016/7/13,8.88,8.88,8.88,9.05,8.86,8.99,20475,1.54E+11,1
373,2016/7/14,8.99,8.99,8.97,9,8.91,8.94,10251,1.54E+11,1
374,2016/7/15,8.94,8.94,8.95,9,8.91,8.99,9328,1.54E+11,1
375,2016/7/18,8.99,8.99,8.99,9.08,8.97,9.04,14040,1.55E+11,1
376,2016/7/19,9.04,9.04,9.04,9.05,8.95,8.97,10153,1.54E+11,1
377,2016/7/20,8.97,8.97,8.96,8.99,8.95,8.96,8675,1.54E+11,1
378,2016/7/21,8.96,8.96,8.95,9.01,8.95,8.99,9161,1.54E+11,1
379,2016/7/22,8.99,8.99,8.99,8.99,8.92,8.94,9712,1.54E+11,1
380,2016/7/25,8.94,8.94,8.93,8.98,8.91,8.98,6552,1.54E+11,1
381,2016/7/26,8.98,8.98,8.97,9.12,8.97,9.11,16184,1.56E+11,1
382,2016/7/27,9.11,9.11,9.12,9.17,8.91,9.01,20131,1.55E+11,1
383,2016/7/28,9.01,9.01,8.98,9.11,8.97,9.08,12060,1.56E+11,1
384,2016/7/29,9.08,9.08,9.08,9.24,9.03,9.2,22644,1.58E+11,1
385,2016/8/1,9.2,9.2,9.18,9.34,9.17,9.28,22075,1.59E+11,1
386,2016/8/2,9.28,9.28,9.24,9.26,9.17,9.25,12729,1.59E+11,1
387,2016/8/3,9.25,9.25,9.21,9.22,9.15,9.18,10171,1.58E+11,1
388,2016/8/4,9.18,9.18,9.17,9.18,8.93,8.99,34335,1.54E+11,1
389,2016/8/5,8.99,8.99,8.99,9.07,8.95,9.04,15879,1.55E+11,1
390,2016/8/8,9.04,9.04,9.04,9.11,9.01,9.11,11185,1.56E+11,1
391,2016/8/9,9.11,9.11,9.09,9.15,9.07,9.15,9395,1.57E+11,1
392,2016/8/10,9.15,9.15,9.15,9.18,9.12,9.14,9116,1.57E+11,1
393,2016/8/11,9.14,9.14,9.14,9.35,9.13,9.22,23945,1.58E+11,1
394,2016/8/12,9.22,9.22,9.2,9.53,9.18,9.5,33878,1.63E+11,1
395,2016/8/15,9.5,9.5,9.55,9.8,9.51,9.68,46429,1.66E+11,1
396,2016/8/16,9.68,9.68,9.68,9.68,9.46,9.52,31441,1.63E+11,1
397,2016/8/17,9.52,9.52,9.52,9.6,9.48,9.55,24453,1.64E+11,1
398,2016/8/18,9.55,9.55,9.56,9.59,9.43,9.5,16754,1.63E+11,1
399,2016/8/19,9.5,9.5,9.49,9.52,9.43,9.51,11197,1.63E+11,1
400,2016/8/22,9.51,9.51,9.5,9.51,9.36,9.4,17188,1.61E+11,1
401,2016/8/23,9.4,9.4,9.38,9.45,9.37,9.4,13135,1.61E+11,1
402,2016/8/24,9.4,9.4,9.41,9.43,9.38,9.43,8897,1.62E+11,1
403,2016/8/25,9.43,9.43,9.42,9.45,9.34,9.44,12364,1.62E+11,1
404,2016/8/26,9.44,9.44,9.45,9.47,9.4,9.45,9650,1.62E+11,1
405,2016/8/29,9.45,9.45,9.41,9.45,9.38,9.42,9023,1.62E+11,1
406,2016/8/30,9.42,9.42,9.42,9.47,9.41,9.47,10306,1.63E+11,1
407,2016/8/31,9.47,9.47,9.46,9.5,9.43,9.49,8493,1.63E+11,1
408,2016/9/1,9.49,9.49,9.49,9.52,9.42,9.45,9808,1.62E+11,1
409,2016/9/2,9.45,9.45,9.43,9.46,9.42,9.45,8492,1.62E+11,1
410,2016/9/5,9.45,9.45,9.46,9.46,9.4,9.42,8673,1.62E+11,1
411,2016/9/6,9.42,9.42,9.42,9.43,9.36,9.41,10992,1.62E+11,1
412,2016/9/7,9.41,9.41,9.41,9.42,9.37,9.4,9538,1.61E+11,1
413,2016/9/8,9.4,9.4,9.39,9.42,9.38,9.4,6844,1.61E+11,1
414,2016/9/9,9.4,9.4,9.4,9.43,9.36,9.38,7890,1.61E+11,1
415,2016/9/12,9.38,9.38,9.29,9.32,9.13,9.16,27590,1.57E+11,1
416,2016/9/13,9.16,9.16,9.18,9.21,9.14,9.19,11445,1.58E+11,1
417,2016/9/14,9.19,9.19,9.17,9.18,9.05,9.06,12937,1.56E+11,1
418,2016/9/19,9.06,9.06,9.05,9.14,9.05,9.12,9056,1.57E+11,1
419,2016/9/20,9.12,9.12,9.12,9.12,9.04,9.08,10280,1.56E+11,1
420,2016/9/21,9.08,9.08,9.08,9.1,9.03,9.08,10678,1.56E+11,1
421,2016/9/22,9.08,9.08,9.1,9.18,9.09,9.16,11649,1.57E+11,1
422,2016/9/23,9.16,9.16,9.16,9.19,9.14,9.15,7429,1.57E+11,1
423,2016/9/26,9.15,9.15,9.13,9.13,9.04,9.04,11019,1.55E+11,1
424,2016/9/27,9.04,9.04,9.04,9.07,9.01,9.06,10235,1.56E+11,1
425,2016/9/28,9.06,9.06,9.06,9.06,9.03,9.05,6616,1.55E+11,1
426,2016/9/29,9.05,9.05,9.05,9.08,9.05,9.06,8011,1.56E+11,1
427,2016/9/30,9.06,9.06,9.06,9.1,9.05,9.07,7886,1.56E+11,1
428,2016/10/10,9.07,9.07,9.1,9.17,9.08,9.12,12606,1.57E+11,1
429,2016/10/11,9.12,9.12,9.13,9.15,9.11,9.15,8855,1.57E+11,1
430,2016/10/12,9.15,9.15,9.14,9.16,9.12,9.13,7923,1.57E+11,1
431,2016/10/13,9.13,9.13,9.08,9.11,9.05,9.07,15326,1.56E+11,1
432,2016/10/14,9.07,9.07,9.06,9.09,9.04,9.09,8986,1.56E+11,1
433,2016/10/17,9.09,9.09,9.08,9.09,9.03,9.05,9349,1.55E+11,1
434,2016/10/18,9.05,9.05,9.03,9.09,9.03,9.09,12329,1.56E+11,1
435,2016/10/19,9.09,9.09,9.09,9.11,9.05,9.08,10446,1.56E+11,1
436,2016/10/20,9.08,9.08,9.08,9.09,9.05,9.07,7617,1.56E+11,1
437,2016/10/21,9.07,9.07,9.08,9.13,9.06,9.13,13382,1.57E+11,1
438,2016/10/24,9.13,9.13,9.13,9.3,9.12,9.24,25033,1.59E+11,1
439,2016/10/25,9.24,9.24,9.25,9.26,9.18,9.21,13370,1.58E+11,1
440,2016/10/26,9.21,9.21,9.22,9.22,9.13,9.15,11999,1.57E+11,1
441,2016/10/27,9.15,9.15,9.16,9.17,9.12,9.16,8828,1.57E+11,1
442,2016/10/28,9.16,9.16,9.16,9.23,9.14,9.17,10917,1.57E+11,1
443,2016/10/31,9.17,9.17,9.15,9.16,9.09,9.15,11944,1.57E+11,1
444,2016/11/1,9.15,9.15,9.14,9.16,9.11,9.14,9771,1.57E+11,1
445,2016/11/2,9.14,9.14,9.14,9.14,9.05,9.07,16370,1.56E+11,1
446,2016/11/3,9.07,9.07,9.06,9.14,9.05,9.13,12261,1.57E+11,1
447,2016/11/4,9.13,9.13,9.11,9.17,9.1,9.11,10491,1.56E+11,1
448,2016/11/7,9.11,9.11,9.1,9.12,9.07,9.12,8800,1.57E+11,1
449,2016/11/8,9.12,9.12,9.12,9.15,9.1,9.15,11831,1.57E+11,1
450,2016/11/9,9.15,9.15,9.14,9.14,9.01,9.07,17133,1.56E+11,1
451,2016/11/10,9.07,9.07,9.1,9.16,9.1,9.14,12866,1.57E+11,1
452,2016/11/11,9.14,9.14,9.14,9.18,9.11,9.18,15618,1.58E+11,1
453,2016/11/14,9.18,9.18,9.16,9.25,9.16,9.22,20160,1.58E+11,1
454,2016/11/15,9.22,9.22,9.2,9.24,9.18,9.23,12420,1.58E+11,1
455,2016/11/16,9.23,9.23,9.23,9.24,9.2,9.23,10959,1.58E+11,1
456,2016/11/17,9.23,9.23,9.22,9.22,9.18,9.21,13021,1.58E+11,1
457,2016/11/18,9.21,9.21,9.21,9.21,9.16,9.18,10263,1.58E+11,1
458,2016/11/21,9.18,9.18,9.18,9.28,9.17,9.24,20721,1.59E+11,1
459,2016/11/22,9.24,9.24,9.24,9.36,9.23,9.36,27869,1.61E+11,1
460,2016/11/23,9.36,9.36,9.34,9.56,9.34,9.45,39342,1.62E+11,1
461,2016/11/24,9.45,9.45,9.44,9.52,9.42,9.47,21471,1.63E+11,1
462,2016/11/25,9.47,9.47,9.48,9.62,9.46,9.62,31007,1.65E+11,1
463,2016/11/28,9.62,9.62,9.69,9.78,9.6,9.63,38225,1.65E+11,1
464,2016/11/29,9.63,9.63,9.59,9.7,9.55,9.62,25978,1.65E+11,1
465,2016/11/30,9.62,9.62,9.65,9.72,9.5,9.55,24942,1.64E+11,1
466,2016/12/1,9.55,9.55,9.57,9.63,9.55,9.6,17871,1.65E+11,1
467,2016/12/2,9.6,9.6,9.6,9.6,9.44,9.55,19678,1.64E+11,1
468,2016/12/5,9.55,9.55,9.5,9.54,9.41,9.46,19196,1.62E+11,1
469,2016/12/6,9.46,9.46,9.48,9.52,9.45,9.49,14583,1.63E+11,1
470,2016/12/7,9.49,9.49,9.48,9.49,9.41,9.48,16051,1.63E+11,1
471,2016/12/8,9.48,9.48,9.5,9.55,9.43,9.52,18084,1.63E+11,1
472,2016/12/9,9.52,9.52,9.5,9.75,9.48,9.65,36031,1.66E+11,1
473,2016/12/12,9.65,9.65,9.65,9.77,9.44,9.5,33905,1.63E+11,1
474,2016/12/13,9.5,9.5,9.48,9.5,9.33,9.42,19313,1.62E+11,1
475,2016/12/14,9.42,9.42,9.42,9.51,9.4,9.4,15438,1.61E+11,1
476,2016/12/15,9.4,9.4,9.37,9.41,9.21,9.25,23432,1.59E+11,1
477,2016/12/16,9.25,9.25,9.24,9.29,9.21,9.25,13616,1.59E+11,1
478,2016/12/19,9.25,9.25,9.22,9.23,9.17,9.2,14469,1.58E+11,1
479,2016/12/20,9.2,9.2,9.2,9.2,9.08,9.11,22493,1.56E+11,1
480,2016/12/21,9.11,9.11,9.12,9.16,9.11,9.16,12021,1.57E+11,1
481,2016/12/22,9.16,9.16,9.15,9.16,9.11,9.14,13339,1.57E+11,1
482,2016/12/23,9.14,9.14,9.14,9.14,9.07,9.08,11826,1.56E+11,1
483,2016/12/26,9.08,9.08,9.06,9.13,9.02,9.12,11409,1.57E+11,1
484,2016/12/27,9.12,9.12,9.12,9.13,9.07,9.08,9433,1.56E+11,1
485,2016/12/28,9.08,9.08,9.08,9.11,9.04,9.06,10133,1.56E+11,1
486,2016/12/29,9.06,9.06,9.07,9.09,9.05,9.08,9453,1.56E+11,1
487,2016/12/30,9.08,9.08,9.08,9.1,9.06,9.1,10822,1.56E+11,1
488,2017/1/3,9.1,9.1,9.11,9.18,9.09,9.16,13730,1.57E+11,1
489,2017/1/4,9.16,9.16,9.15,9.18,9.14,9.16,11850,1.57E+11,1
490,2017/1/5,9.16,9.16,9.17,9.18,9.15,9.17,11764,1.57E+11,1
491,2017/1/6,9.17,9.17,9.17,9.17,9.11,9.13,14671,1.57E+11,1
492,2017/1/9,9.13,9.13,9.13,9.17,9.11,9.15,12975,1.57E+11,1
493,2017/1/10,9.15,9.15,9.15,9.16,9.14,9.15,7675,1.57E+11,1
494,2017/1/11,9.15,9.15,9.14,9.17,9.13,9.14,10373,1.57E+11,1
495,2017/1/12,9.14,9.14,9.13,9.17,9.13,9.15,10975,1.57E+11,1
496,2017/1/13,9.15,9.15,9.14,9.19,9.12,9.16,11244,1.57E+11,1
497,2017/1/16,9.16,9.16,9.15,9.16,9.07,9.14,17210,1.57E+11,1
498,2017/1/17,9.14,9.14,9.12,9.16,9.1,9.15,12922,1.57E+11,1
499,2017/1/18,9.15,9.15,9.14,9.19,9.13,9.17,12412,1.57E+11,1
500,2017/1/19,9.17,9.17,9.15,9.24,9.15,9.18,11850,1.58E+11,1
501,2017/1/20,9.18,9.18,9.17,9.23,9.17,9.22,10384,1.58E+11,1
502,2017/1/23,9.22,9.22,9.22,9.26,9.2,9.22,11143,1.58E+11,1
503,2017/1/24,9.22,9.22,9.23,9.28,9.2,9.27,12076,1.59E+11,1
504,2017/1/25,9.27,9.27,9.27,9.28,9.25,9.26,8545,1.59E+11,1
505,2017/1/26,9.26,9.26,9.27,9.34,9.26,9.33,12513,1.60E+11,1
506,2017/2/3,9.33,9.33,9.34,9.36,9.23,9.26,10579,1.59E+11,1
507,2017/2/6,9.26,9.26,9.26,9.32,9.26,9.31,12486,1.60E+11,1
508,2017/2/7,9.31,9.31,9.31,9.32,9.27,9.3,13553,1.60E+11,1
509,2017/2/8,9.3,9.3,9.29,9.3,9.24,9.3,12304,1.60E+11,1
510,2017/2/9,9.3,9.3,9.3,9.33,9.28,9.31,10575,1.60E+11,1
511,2017/2/10,9.31,9.31,9.32,9.36,9.31,9.33,11581,1.60E+11,1
512,2017/2/13,9.33,9.33,9.34,9.44,9.33,9.41,18685,1.62E+11,1
513,2017/2/14,9.41,9.41,9.41,9.42,9.37,9.4,12457,1.61E+11,1
514,2017/2/15,9.4,9.4,9.4,9.54,9.39,9.45,21974,1.62E+11,1
515,2017/2/16,9.45,9.45,9.45,9.5,9.42,9.46,10599,1.62E+11,1
516,2017/2/17,9.46,9.46,9.46,9.49,9.37,9.39,15274,1.61E+11,1
517,2017/2/20,9.39,9.39,9.4,9.58,9.4,9.56,26562,1.64E+11,1
518,2017/2/21,9.56,9.56,9.55,9.62,9.54,9.57,16710,1.64E+11,1
519,2017/2/22,9.57,9.57,9.57,9.57,9.5,9.57,13305,1.64E+11,1
520,2017/2/23,9.57,9.57,9.55,9.57,9.48,9.51,12405,1.63E+11,1
521,2017/2/24,9.51,9.51,9.5,9.54,9.48,9.5,10381,1.63E+11,1
522,2017/2/27,9.5,9.5,9.5,9.5,9.42,9.43,14036,1.62E+11,1
523,2017/2/28,9.43,9.43,9.43,9.51,9.42,9.48,11217,1.63E+11,1
524,2017/3/1,9.48,9.48,9.49,9.55,9.47,9.49,13578,1.63E+11,1
525,2017/3/2,9.49,9.49,9.51,9.54,9.42,9.43,14403,1.62E+11,1
526,2017/3/3,9.43,9.43,9.41,9.43,9.36,9.4,11829,1.61E+11,1
527,2017/3/6,9.4,9.4,9.4,9.46,9.39,9.45,13847,1.62E+11,1
528,2017/3/7,9.45,9.45,9.44,9.46,9.4,9.45,11008,1.62E+11,1
529,2017/3/8,9.45,9.45,9.43,9.45,9.4,9.42,9468,1.62E+11,1
530,2017/3/9,9.42,9.42,9.41,9.43,9.36,9.38,12919,1.61E+11,1
531,2017/3/10,9.38,9.38,9.38,9.41,9.36,9.4,9870,1.61E+11,1
532,2017/3/13,9.4,9.4,9.39,9.45,9.37,9.44,12851,1.62E+11,1
533,2017/3/14,9.44,9.44,9.43,9.46,9.41,9.44,10475,1.62E+11,1
534,2017/3/15,9.44,9.44,9.42,9.48,9.42,9.48,11121,1.63E+11,1
535,2017/3/16,9.48,9.48,9.48,9.53,9.45,9.52,14949,1.63E+11,1
536,2017/3/17,9.52,9.52,9.45,9.46,9.3,9.31,40589,1.60E+11,1
537,2017/3/20,9.31,9.31,9.29,9.31,9.22,9.25,26076,1.59E+11,1
538,2017/3/21,9.25,9.25,9.25,9.26,9.2,9.24,21107,1.59E+11,1
539,2017/3/22,9.24,9.24,9.2,9.22,9.14,9.16,23937,1.57E+11,1
540,2017/3/23,9.16,9.16,9.16,9.24,9.15,9.2,13785,1.58E+11,1
541,2017/3/24,9.2,9.2,9.2,9.24,9.16,9.19,21106,1.58E+11,1
542,2017/3/27,9.19,9.19,9.12,9.19,9.08,9.14,29648,1.57E+11,1
543,2017/3/28,9.14,9.14,9.16,9.17,9.1,9.12,15662,1.57E+11,1
544,2017/3/29,9.12,9.12,9.13,9.15,9.09,9.11,18501,1.56E+11,1
545,2017/3/30,9.11,9.11,9.12,9.12,9.06,9.08,21762,1.56E+11,1
546,2017/3/31,9.08,9.08,9.08,9.18,9.08,9.17,19565,1.57E+11,1
547,2017/4/5,9.17,9.17,9.16,9.22,9.15,9.21,16554,1.58E+11,1
548,2017/4/6,9.21,9.21,9.2,9.22,9.17,9.2,14030,1.58E+11,1
549,2017/4/7,9.2,9.2,9.19,9.22,9.17,9.2,13245,1.58E+11,1
550,2017/4/10,9.2,9.2,9.2,9.21,9.17,9.18,12623,1.58E+11,1
551,2017/4/11,9.18,9.18,9.17,9.19,9.09,9.15,18185,1.57E+11,1
552,2017/4/12,9.15,9.15,9.16,9.17,9.1,9.12,15548,1.57E+11,1
553,2017/4/13,9.12,9.12,9.11,9.14,9.1,9.12,11565,1.57E+11,1
554,2017/4/14,9.12,9.12,9.11,9.12,9.06,9.08,18335,1.56E+11,1
555,2017/4/17,9.08,9.08,9.08,9.11,9.05,9.1,17670,1.56E+11,1
556,2017/4/18,9.1,9.1,9.09,9.1,9.05,9.05,14188,1.55E+11,1
557,2017/4/19,9.05,9.05,9.03,9.04,8.9,8.91,29322,1.53E+11,1
558,2017/4/20,8.91,8.91,8.9,8.94,8.89,8.92,16861,1.53E+11,1
559,2017/4/21,8.92,8.92,8.92,8.99,8.9,8.97,11789,1.54E+11,1
560,2017/4/24,8.97,8.97,8.97,8.98,8.89,8.93,14272,1.53E+11,1
561,2017/4/25,8.93,8.93,8.93,9.01,8.93,9,13807,1.55E+11,1
562,2017/4/26,9,9,9,9.01,8.96,8.99,12626,1.54E+11,1
563,2017/4/27,8.99,8.99,8.97,8.98,8.91,8.97,14767,1.54E+11,1
564,2017/4/28,8.97,8.97,8.96,8.99,8.92,8.99,10299,1.54E+11,1
565,2017/5/2,8.99,8.99,8.96,8.96,8.9,8.94,11556,1.54E+11,1
566,2017/5/3,8.94,8.94,8.92,8.93,8.89,8.91,10642,1.53E+11,1
567,2017/5/4,8.91,8.91,8.89,8.89,8.72,8.74,25628,1.50E+11,1
568,2017/5/5,8.74,8.74,8.74,8.76,8.58,8.63,24386,1.48E+11,1
569,2017/5/8,8.63,8.63,8.6,8.62,8.54,8.57,18771,1.47E+11,1
570,2017/5/9,8.57,8.57,8.56,8.64,8.55,8.64,12935,1.48E+11,1
571,2017/5/10,8.64,8.64,8.63,8.8,8.62,8.67,16182,1.49E+11,1
572,2017/5/11,8.67,8.67,8.65,8.72,8.6,8.7,15125,1.49E+11,1
573,2017/5/12,8.7,8.7,8.68,8.9,8.64,8.9,23951,1.53E+11,1
574,2017/5/15,8.9,8.9,8.89,8.95,8.81,8.86,15125,1.52E+11,1
575,2017/5/16,8.86,8.86,8.84,8.85,8.73,8.84,13517,1.52E+11,1
576,2017/5/17,8.84,8.84,8.81,8.81,8.75,8.77,13851,1.51E+11,1
577,2017/5/18,8.77,8.77,8.72,8.77,8.71,8.73,10931,1.50E+11,1
578,2017/5/19,8.73,8.73,8.74,8.76,8.68,8.69,13497,1.49E+11,1
579,2017/5/22,8.69,8.69,8.68,8.73,8.61,8.68,19092,1.49E+11,1
580,2017/5/23,8.68,8.68,8.67,8.84,8.64,8.79,22517,1.51E+11,1
581,2017/5/24,8.79,8.79,8.78,8.83,8.68,8.81,16145,1.51E+11,1
582,2017/5/25,8.81,8.81,8.79,9.14,8.78,9.1,47273,1.56E+11,1
583,2017/5/26,9.1,9.1,9.08,9.13,9.04,9.1,17277,1.56E+11,1
584,2017/5/31,9.1,9.1,9.1,9.23,9.06,9.2,27135,1.58E+11,1
585,2017/6/1,9.2,9.2,9.2,9.23,9.12,9.19,15704,1.58E+11,1
586,2017/6/2,9.19,9.19,9.18,9.29,9.14,9.17,20746,1.57E+11,1
587,2017/6/5,9.17,9.17,9.13,9.17,8.99,9.03,21012,1.55E+11,1
588,2017/6/6,9.03,9.03,9.01,9.06,8.99,9.04,12525,1.55E+11,1
589,2017/6/7,9.04,9.04,9.02,9.15,9.01,9.13,15362,1.57E+11,1
590,2017/6/8,9.13,9.13,9.11,9.15,9.08,9.13,12338,1.57E+11,1
591,2017/6/9,9.13,9.13,9.15,9.22,9.12,9.15,23511,1.57E+11,1
592,2017/6/12,9.15,9.15,9.15,9.19,9.1,9.11,14651,1.56E+11,1
593,2017/6/13,9.11,9.11,9.11,9.14,9.05,9.12,12286,1.57E+11,1
594,2017/6/14,9.12,9.12,9.12,9.13,9.04,9.08,15620,1.56E+11,1
595,2017/6/15,9.08,9.08,9.08,9.08,9.03,9.04,11263,1.55E+11,1
596,2017/6/16,9.04,9.04,9.04,9.08,9.01,9.02,10691,1.55E+11,1
597,2017/6/19,9.02,9.02,9.03,9.15,9.02,9.13,15026,1.57E+11,1
598,2017/6/20,9.13,9.13,9.12,9.16,9.09,9.12,10317,1.57E+11,1
599,2017/6/21,9.12,9.12,9.17,9.18,9.11,9.15,13073,1.57E+11,1
600,2017/6/22,9.15,9.15,9.15,9.4,9.14,9.25,47875,1.59E+11,1
601,2017/6/23,9.25,9.25,9.23,9.27,9.16,9.25,18471,1.59E+11,1
602,2017/6/26,9.25,9.25,9.26,9.4,9.26,9.3,20403,1.60E+11,1
603,2017/6/27,9.3,9.3,9.3,9.39,9.27,9.36,16798,1.61E+11,1
604,2017/6/28,9.36,9.36,9.35,9.49,9.33,9.43,30097,1.62E+11,1
605,2017/6/29,9.43,9.43,9.43,9.45,9.37,9.43,14410,1.62E+11,1
606,2017/6/30,9.43,9.43,9.4,9.43,9.31,9.39,15258,1.61E+11,1
607,2017/7/3,9.39,9.39,9.4,9.43,9.34,9.4,12212,1.61E+11,1
608,2017/7/4,9.4,9.4,9.4,9.41,9.3,9.34,14553,1.60E+11,1
609,2017/7/5,9.34,9.34,9.29,9.38,9.27,9.37,17541,1.61E+11,1
610,2017/7/6,9.37,9.37,9.36,9.41,9.31,9.4,16581,1.61E+11,1
611,2017/7/7,9.4,9.4,9.37,9.48,9.34,9.47,17171,1.63E+11,1
612,2017/7/10,9.47,9.47,9.45,9.66,9.44,9.59,36656,1.65E+11,1
613,2017/7/11,9.59,9.59,9.61,10.46,9.61,10.25,115931,1.76E+11,1
614,2017/7/12,10.25,10.25,10.27,10.58,10.2,10.34,82912,1.78E+11,1
615,2017/7/13,10.34,10.34,10.3,10.9,10.24,10.9,86481,1.87E+11,1
616,2017/7/14,10.9,10.9,10.81,10.94,10.66,10.9,53498,1.87E+11,1
617,2017/7/17,10.9,10.9,10.95,11.33,10.72,10.81,104402,1.86E+11,1
618,2017/7/18,10.81,10.81,10.75,11.14,10.62,11.05,67712,1.90E+11,1
619,2017/7/19,11.05,11.05,10.99,11.19,10.88,11.09,49478,1.90E+11,1
620,2017/7/20,11.09,11.09,11.08,11.22,10.91,10.97,38041,1.88E+11,1
621,2017/7/21,10.81,10.97,10.83,10.95,10.69,10.89,39986,1.87E+11,1
622,2017/7/24,10.89,10.89,10.82,11.06,10.73,10.95,37247,1.88E+11,1
623,2017/7/25,10.95,10.95,10.98,11.27,10.95,11,56409,1.89E+11,1
624,2017/7/26,11,11,10.92,11.18,10.66,10.74,57305,1.84E+11,1
625,2017/7/27,10.74,10.74,10.72,10.77,10.53,10.59,36931,1.82E+11,1
626,2017/7/28,10.59,10.59,10.61,10.81,10.58,10.74,25172,1.84E+11,1
627,2017/7/31,10.74,10.74,10.8,10.82,10.45,10.67,38855,1.83E+11,1
628,2017/8/1,10.67,10.67,10.64,11.08,10.6,11.04,50598,1.90E+11,1
629,2017/8/2,11.04,11.04,11.05,11.34,10.96,11.15,59297,1.91E+11,1
630,2017/8/3,11.15,11.15,11.14,11.22,10.97,11.01,29151,1.89E+11,1
631,2017/8/4,11.01,11.01,11,11.29,10.93,11.17,35304,1.92E+11,1
632,2017/8/7,11.17,11.17,11.06,11.17,10.9,11,24296,1.89E+11,1
633,2017/8/8,11,11,11,11.11,10.91,11.05,18948,1.90E+11,1
634,2017/8/9,11.05,11.05,10.96,11.02,10.68,10.73,38868,1.84E+11,1
635,2017/8/10,10.73,10.73,10.7,10.82,10.54,10.62,32285,1.82E+11,1
636,2017/8/11,10.62,10.62,10.48,10.54,9.99,10.02,69830,1.72E+11,1
637,2017/8/14,10.02,10.02,10.13,10.25,10.04,10.22,33540,1.75E+11,1
638,2017/8/15,10.22,10.22,10.24,10.51,10.21,10.31,32452,1.77E+11,1
639,2017/8/16,10.31,10.31,10.29,10.37,10.15,10.34,20907,1.78E+11,1
640,2017/8/17,10.34,10.34,10.35,10.42,10.29,10.42,16757,1.79E+11,1
641,2017/8/18,10.42,10.42,10.36,10.6,10.29,10.44,23736,1.79E+11,1
642,2017/8/21,10.44,10.44,10.43,10.52,10.39,10.46,15517,1.80E+11,1
643,2017/8/22,10.46,10.46,10.48,10.66,10.37,10.65,29332,1.83E+11,1
644,2017/8/23,10.65,10.65,10.63,10.98,10.59,10.9,41539,1.87E+11,1
645,2017/8/24,10.9,10.9,10.89,11.11,10.84,10.93,34012,1.88E+11,1
646,2017/8/25,10.93,10.93,10.94,11.17,10.9,11.11,33186,1.91E+11,1
647,2017/8/28,11.11,11.11,11.1,11.54,11.1,11.35,55325,1.95E+11,1
648,2017/8/29,11.35,11.35,11.3,11.74,11.28,11.67,49124,2.00E+11,1
649,2017/8/30,11.67,11.67,11.68,11.7,11.35,11.43,33554,1.96E+11,1
650,2017/8/31,11.43,11.43,11.39,11.44,11.15,11.28,33551,1.94E+11,1
651,2017/9/1,11.28,11.28,11.28,11.39,11.15,11.21,27858,1.92E+11,1
652,2017/9/4,11.21,11.21,11.18,11.72,11.17,11.72,42731,2.01E+11,1
653,2017/9/5,11.72,11.72,11.68,11.94,11.6,11.64,42570,2.00E+11,1
654,2017/9/6,11.64,11.64,11.59,11.88,11.48,11.7,27507,2.01E+11,1
655,2017/9/7,11.7,11.7,11.65,11.75,11.39,11.44,24858,1.96E+11,1
656,2017/9/8,11.44,11.44,11.46,11.64,11.38,11.49,21817,1.97E+11,1
657,2017/9/11,11.49,11.49,11.54,11.69,11.3,11.38,24309,1.95E+11,1
658,2017/9/12,11.38,11.38,11.38,11.54,11.27,11.54,26003,1.98E+11,1
659,2017/9/13,11.54,11.54,11.49,11.54,11.34,11.43,14650,1.96E+11,1
660,2017/9/14,11.43,11.43,11.43,11.59,11.24,11.32,23141,1.94E+11,1
661,2017/9/15,11.32,11.32,11.29,11.32,11.15,11.29,21207,1.94E+11,1
662,2017/9/18,11.29,11.29,11.25,11.32,11.2,11.25,17592,1.93E+11,1
663,2017/9/19,11.25,11.25,11.25,11.34,11.08,11.13,26241,1.91E+11,1
664,2017/9/20,11.13,11.13,11.14,11.37,11.05,11.29,24141,1.94E+11,1
665,2017/9/21,11.29,11.29,11.26,11.51,11.2,11.46,23926,1.97E+11,1
666,2017/9/22,11.46,11.46,11.43,11.52,11.31,11.44,18157,1.96E+11,1
667,2017/9/25,11.44,11.44,11.44,11.45,11.18,11.29,16450,1.94E+11,1
668,2017/9/26,11.29,11.29,11.26,11.3,10.96,11.05,30956,1.90E+11,1
669,2017/9/27,11.05,11.05,11.01,11.08,10.9,10.93,28341,1.88E+11,1
670,2017/9/28,10.93,10.93,10.98,10.98,10.82,10.88,22149,1.87E+11,1
671,2017/9/29,10.88,10.88,10.92,11.16,10.86,11.11,22289,1.91E+11,1
672,2017/10/9,11.11,11.11,11.57,11.64,11.26,11.3,35235,1.94E+11,1
673,2017/10/10,11.3,11.3,11.33,11.5,11.33,11.47,19997,1.97E+11,1
674,2017/10/11,11.47,11.47,11.48,11.58,11.34,11.53,21664,1.98E+11,1
675,2017/10/12,11.53,11.53,11.54,11.58,11.47,11.55,16315,1.98E+11,1
676,2017/10/13,11.55,11.55,11.56,11.56,11.25,11.36,24736,1.95E+11,1
677,2017/10/16,11.36,11.36,11.36,11.6,11.29,11.59,32427,1.99E+11,1
678,2017/10/17,11.59,11.59,11.62,11.65,11.48,11.51,16794,1.98E+11,1
679,2017/10/18,11.51,11.51,11.53,11.7,11.51,11.69,23940,2.01E+11,1
680,2017/10/19,11.69,11.69,11.64,11.72,11.57,11.63,20665,2.00E+11,1
681,2017/10/20,11.63,11.63,11.59,11.59,11.41,11.48,16027,1.97E+11,1
682,2017/10/23,11.48,11.48,11.39,11.4,11.15,11.19,39799,1.92E+11,1
683,2017/10/24,11.19,11.19,11.2,11.42,11.18,11.39,21816,1.96E+11,1
684,2017/10/25,11.39,11.39,11.36,11.37,11.25,11.27,17815,1.94E+11,1
685,2017/10/26,11.27,11.27,11.25,11.32,11.12,11.18,32162,1.92E+11,1
686,2017/10/27,11.18,11.18,11.19,11.56,11.18,11.56,41120,1.98E+11,1
687,2017/10/30,11.56,11.56,11.55,11.73,11.45,11.56,36107,1.98E+11,1
688,2017/10/31,11.56,11.56,11.55,11.58,11.39,11.54,18717,1.98E+11,1
689,2017/11/1,11.54,11.54,11.56,11.59,11.32,11.4,23512,1.96E+11,1
690,2017/11/2,11.4,11.4,11.36,11.58,11.26,11.54,20251,1.98E+11,1
691,2017/11/3,11.54,11.54,11.49,11.68,11.35,11.39,27288,1.96E+11,1
692,2017/11/6,11.39,11.39,11.42,11.42,11.09,11.28,32943,1.94E+11,1
693,2017/11/7,11.28,11.28,11.27,12.09,11.25,11.92,72208,2.05E+11,1
694,2017/11/8,11.92,11.92,12,12.59,11.93,12.13,93646,2.08E+11,1
695,2017/11/9,12.13,12.13,12.2,12.57,12.15,12.33,58190,2.12E+11,1
696,2017/11/10,12.33,12.33,12.37,12.55,12.15,12.3,48916,2.11E+11,1
697,2017/11/13,12.3,12.3,12.35,13.1,12.35,12.9,79230,2.21E+11,1
698,2017/11/14,12.9,12.9,12.95,13.26,12.81,12.95,55920,2.22E+11,1
699,2017/11/15,12.95,12.95,12.9,13.13,12.77,12.9,38358,2.21E+11,1
700,2017/11/16,12.9,12.9,12.9,13.12,12.67,13.1,40261,2.25E+11,1
701,2017/11/17,13.1,13.1,13.17,13.46,13.03,13.18,57349,2.26E+11,1
702,2017/11/20,13.18,13.18,13.13,14.25,13.05,14.25,89294,2.45E+11,1
703,2017/11/21,14.25,14.25,14.07,14.79,14.01,14.45,96924,2.48E+11,1
704,2017/11/22,14.45,14.45,14.48,15.24,14.48,15.1,102893,2.59E+11,1
705,2017/11/23,15.1,15.1,15.15,15.24,14.07,14.35,105767,2.46E+11,1
706,2017/11/24,14.35,14.35,14.29,14.59,13.78,14.56,87765,2.50E+11,1
707,2017/11/27,14.56,14.56,14.3,14.3,13.75,13.93,66784,2.39E+11,1
708,2017/11/28,13.93,13.93,13.85,13.85,13.4,13.7,60296,2.35E+11,1
709,2017/11/29,13.7,13.7,13.73,13.93,13.47,13.82,55499,2.37E+11,1
710,2017/11/30,13.82,13.82,13.7,13.73,13.26,13.38,53124,2.30E+11,1
711,2017/12/1,13.38,13.38,13.4,13.48,12.96,13,65892,2.23E+11,1
712,2017/12/4,13,13,13.05,13.37,13,13.3,46740,2.28E+11,1
713,2017/12/5,13.3,13.3,13.15,13.49,13.1,13.3,45754,2.28E+11,1
714,2017/12/6,13.3,13.3,13.26,13.27,12.79,13.08,56546,2.25E+11,1
715,2017/12/7,13.08,13.08,13.05,13.14,12.75,12.83,41963,2.20E+11,1
716,2017/12/8,12.83,12.83,12.89,13.09,12.75,13.09,42222,2.25E+11,1
717,2017/12/11,13.09,13.09,13.08,13.57,12.88,13.5,64880,2.32E+11,1
718,2017/12/12,13.5,13.5,13.4,13.48,13.02,13.02,58324,2.24E+11,1
719,2017/12/13,13.02,13.02,13,13.2,12.88,13.13,40462,2.25E+11,1
720,2017/12/14,13.13,13.13,13.15,13.31,12.91,13,39750,2.23E+11,1
721,2017/12/15,13,13,12.9,12.93,12.67,12.72,43637,2.18E+11,1
722,2017/12/18,12.72,12.72,12.73,12.91,12.64,12.75,30925,2.19E+11,1
723,2017/12/19,12.75,12.75,12.79,13.32,12.74,13.28,68692,2.28E+11,1
724,2017/12/20,13.28,13.28,13.2,13.31,13.13,13.26,48239,2.28E+11,1
725,2017/12/21,13.26,13.26,13.18,13.68,13.16,13.54,66292,2.32E+11,1
726,2017/12/22,13.54,13.54,13.5,13.63,13.45,13.52,29475,2.32E+11,1
727,2017/12/25,13.52,13.52,13.52,13.86,13.16,13.25,54210,2.28E+11,1
728,2017/12/26,13.25,13.25,13.26,13.69,13.19,13.66,45007,2.35E+11,1
729,2017/12/27,13.66,13.66,13.58,13.78,13.19,13.29,48616,2.28E+11,1
730,2017/12/28,13.29,13.29,13.28,13.46,13.02,13.21,43695,2.27E+11,1
731,2017/12/29,13.21,13.21,13.21,13.43,13.1,13.3,34450,2.28E+11,1
732,2018/1/2,13.3,13.3,13.35,13.93,13.32,13.7,76777,2.35E+11,1
733,2018/1/3,13.7,13.7,13.73,13.86,13.2,13.33,99413,2.29E+11,1
734,2018/1/4,13.33,13.33,13.32,13.37,13.13,13.25,64053,2.28E+11,1
735,2018/1/5,13.25,13.25,13.21,13.35,13.15,13.3,42878,2.28E+11,1
736,2018/1/8,13.3,13.3,13.25,13.29,12.86,12.96,92661,2.23E+11,1
737,2018/1/9,12.96,12.96,12.96,13.2,12.92,13.08,50653,2.25E+11,1
738,2018/1/10,13.08,13.08,13.04,13.49,12.92,13.47,94499,2.31E+11,1
739,2018/1/11,13.47,13.47,13.41,13.59,13.27,13.4,51187,2.30E+11,1
740,2018/1/12,13.4,13.4,13.45,13.68,13.41,13.55,48659,2.33E+11,1
741,2018/1/15,13.55,13.55,13.51,14.33,13.5,14.2,122706,2.44E+11,1
742,2018/1/16,14.2,14.2,14.17,14.38,14.02,14.2,80151,2.44E+11,1
743,2018/1/17,14.2,14.2,14.33,14.8,14.2,14.23,96216,2.44E+11,1
744,2018/1/18,14.23,14.23,14.4,14.72,14.28,14.72,82390,2.53E+11,1
745,2018/1/19,14.72,14.72,14.8,15.13,14.68,14.8,94284,2.54E+11,1
746,2018/1/22,14.8,14.8,14.6,14.94,14.43,14.44,75591,2.48E+11,1
747,2018/1/23,14.44,14.44,14.36,14.9,14.33,14.65,80064,2.52E+11,1
748,2018/1/24,14.65,14.65,14.66,15.08,14.5,14.64,93315,2.51E+11,1
749,2018/1/25,14.64,14.64,14.45,14.47,14,14.2,103521,2.44E+11,1
750,2018/1/26,14.2,14.2,14.18,14.34,14.02,14.05,67172,2.41E+11,1
751,2018/1/29,14.05,14.05,14.05,14.25,13.6,13.74,90582,2.36E+11,1
752,2018/1/30,13.74,13.74,13.7,13.84,13.55,13.65,48254,2.34E+11,1
753,2018/1/31,13.65,13.65,13.6,14.05,13.53,14.05,67602,2.41E+11,1
754,2018/2/1,14.05,14.05,13.95,14.3,13.84,14.03,69215,2.41E+11,1
755,2018/2/2,14.03,14.03,13.91,14.1,13.63,14.05,47126,2.41E+11,1
756,2018/2/5,14.05,14.05,13.8,14.57,13.73,14.55,91414,2.50E+11,1
757,2018/2/6,14.55,14.55,14.23,14.33,13.93,14,85259,2.40E+11,1
758,2018/2/7,14,14,14.22,14.3,12.76,12.92,136328,2.22E+11,1
759,2018/2/8,12.92,12.92,12.83,12.92,12.53,12.54,87121,2.15E+11,1
760,2018/2/9,12.54,12.54,12.08,12.08,11.38,11.69,119490,2.01E+11,1
761,2018/2/12,11.69,11.69,11.78,11.84,11.56,11.72,50261,2.01E+11,1
762,2018/2/13,11.72,11.72,11.87,12.21,11.84,11.94,53052,2.05E+11,1
763,2018/2/14,11.94,11.94,11.96,12.03,11.76,12,29480,2.06E+11,1
764,2018/2/22,12,12,12.25,12.53,12.25,12.46,45523,2.14E+11,1
765,2018/2/23,12.46,12.46,12.58,12.79,12.45,12.61,41691,2.17E+11,1
766,2018/2/26,12.61,12.61,12.77,12.85,12.45,12.63,48517,2.17E+11,1
767,2018/2/27,12.63,12.63,12.64,12.7,12.19,12.28,59461,2.11E+11,1
768,2018/2/28,12.28,12.28,12.1,12.19,11.93,12.05,47508,2.07E+11,1
769,2018/3/1,12.05,12.05,11.92,12.15,11.9,12.04,36386,2.07E+11,1
770,2018/3/2,12.04,12.04,11.92,12.04,11.85,11.95,32066,2.05E+11,1
771,2018/3/5,11.95,11.95,11.93,12.08,11.8,11.86,37199,2.04E+11,1
772,2018/3/6,11.86,11.86,11.95,12.11,11.77,12.1,47000,2.08E+11,1
773,2018/3/7,12.1,12.1,12.15,12.34,12.04,12.05,53039,2.07E+11,1
774,2018/3/8,12.05,12.05,12.05,12.15,11.95,12.11,28121,2.08E+11,1
775,2018/3/9,12.11,12.11,12.15,12.2,11.98,12.09,38753,2.08E+11,1
776,2018/3/12,12.09,12.09,12.15,12.17,11.95,12.03,47009,2.07E+11,1
777,2018/3/13,12.03,12.03,12.04,12.22,12,12.02,44977,2.06E+11,1
778,2018/3/14,12.02,12.02,11.98,12,11.83,11.92,35665,2.05E+11,1
779,2018/3/15,11.92,11.92,11.79,11.85,11.66,11.71,53394,2.01E+11,1
780,2018/3/16,11.71,11.71,11.72,11.85,11.64,11.64,40640,2.00E+11,1
781,2018/3/19,11.64,11.64,11.66,11.84,11.61,11.83,32238,2.03E+11,1
782,2018/3/20,11.83,11.83,11.74,11.88,11.72,11.82,30193,2.03E+11,1
783,2018/3/21,11.82,11.82,11.95,12.12,11.85,11.9,56255,2.04E+11,1
784,2018/3/22,11.9,11.9,11.9,11.97,11.62,11.66,45920,2.00E+11,1
785,2018/3/23,11.66,11.66,11.25,11.35,10.92,11.34,75964,1.95E+11,1
786,2018/3/26,11.34,11.34,11.15,11.2,10.86,10.93,63646,1.88E+11,1
787,2018/3/27,10.93,10.93,11.1,11.17,10.86,10.94,49311,1.88E+11,1
788,2018/3/28,10.94,10.94,10.85,11.14,10.79,10.89,45201,1.87E+11,1
789,2018/3/29,10.89,10.89,10.92,11.17,10.55,11.05,61870,1.90E+11,1
790,2018/3/30,11.05,11.05,11.04,11.05,10.88,10.9,31869,1.87E+11,1
791,2018/4/2,10.9,10.9,10.87,10.99,10.7,10.71,54468,1.84E+11,1
792,2018/4/3,10.71,10.71,10.6,10.67,10.51,10.56,40356,1.81E+11,1
793,2018/4/4,10.56,10.56,10.68,11.01,10.6,10.87,60913,1.87E+11,1
794,2018/4/9,10.87,10.87,10.8,11.1,10.73,11.02,43635,1.89E+11,1
795,2018/4/10,11.02,11.02,11.02,11.46,10.97,11.42,60337,1.96E+11,1
796,2018/4/11,11.42,11.42,11.39,11.92,11.38,11.83,72151,2.03E+11,1
797,2018/4/12,11.83,11.83,11.8,11.83,11.42,11.52,46893,1.98E+11,1
798,2018/4/13,11.52,11.52,11.64,11.79,11.45,11.57,38275,1.99E+11,1
799,2018/4/16,11.57,11.57,11.47,11.47,11.03,11.1,53028,1.91E+11,1
800,2018/4/17,11.1,11.1,11.12,11.45,11.11,11.21,47336,1.92E+11,1
801,2018/4/18,11.21,11.21,11.45,11.61,11.28,11.5,48962,1.97E+11,1
802,2018/4/19,11.5,11.5,11.52,11.69,11.42,11.47,32523,1.97E+11,1
803,2018/4/20,11.47,11.47,11.51,11.58,11.2,11.35,29815,1.95E+11,1
804,2018/4/23,11.35,11.35,11.3,11.61,11.26,11.57,35290,1.99E+11,1
805,2018/4/24,11.57,11.57,11.63,11.94,11.58,11.86,52918,2.04E+11,1
806,2018/4/25,11.86,11.86,11.76,11.81,11.63,11.68,26245,2.01E+11,1
807,2018/4/26,11.68,11.68,11.66,11.69,11.31,11.42,34126,1.96E+11,1
808,2018/4/27,11.42,11.42,11.49,11.51,10.63,10.85,100706,1.86E+11,1
809,2018/5/2,10.85,10.85,10.97,11.03,10.8,10.88,40839,1.87E+11,1
810,2018/5/3,10.88,10.88,10.86,10.88,10.57,10.75,48849,1.85E+11,1
811,2018/5/4,10.75,10.75,10.73,10.83,10.66,10.68,30832,1.83E+11,1
812,2018/5/7,10.68,10.68,10.7,10.83,10.64,10.81,39255,1.86E+11,1
813,2018/5/8,10.81,10.81,10.83,11.15,10.8,11.01,50277,1.89E+11,1
814,2018/5/9,11.01,11.01,10.98,11.03,10.88,10.97,24732,1.88E+11,1
815,2018/5/10,10.97,10.97,11.03,11.09,10.91,11.01,21894,1.89E+11,1
816,2018/5/11,11.01,11.01,11.04,11.13,10.96,11.01,27899,1.89E+11,1
817,2018/5/14,11.01,11.01,11.09,11.23,11.03,11.18,41248,1.92E+11,1
818,2018/5/15,11.18,11.18,11.18,11.19,11.02,11.12,22577,1.91E+11,1
819,2018/5/16,11.12,11.12,11.07,11.07,10.89,10.9,31406,1.87E+11,1
820,2018/5/17,10.9,10.9,10.91,10.94,10.78,10.82,25279,1.86E+11,1
821,2018/5/18,10.82,10.82,10.81,10.97,10.76,10.96,22597,1.88E+11,1
822,2018/5/21,10.96,10.96,11.07,11.11,10.93,10.95,28626,1.88E+11,1
823,2018/5/22,10.95,10.95,10.95,10.98,10.79,10.86,28827,1.86E+11,1
824,2018/5/23,10.86,10.86,10.82,10.82,10.62,10.65,40985,1.83E+11,1
825,2018/5/24,10.65,10.65,10.66,10.68,10.58,10.61,26748,1.82E+11,1
826,2018/5/25,10.61,10.61,10.61,10.67,10.55,10.59,20611,1.82E+11,1
827,2018/5/28,10.59,10.59,10.58,10.66,10.51,10.59,24453,1.82E+11,1
828,2018/5/29,10.59,10.59,10.58,10.63,10.35,10.38,35283,1.78E+11,1
829,2018/5/30,10.38,10.38,10.29,10.29,10.05,10.08,47224,1.73E+11,1
830,2018/5/31,10.08,10.08,10.11,10.19,10.02,10.18,37158,1.75E+11,1
831,2018/6/1,10.18,10.18,10.15,10.29,10.07,10.19,23671,1.75E+11,1
832,2018/6/4,10.19,10.19,10.23,10.31,10.15,10.27,22607,1.76E+11,1
833,2018/6/5,10.27,10.27,10.29,10.3,10.11,10.26,23818,1.76E+11,1
834,2018/6/6,10.26,10.26,10.25,10.26,10.1,10.14,23800,1.74E+11,1
835,2018/6/7,10.14,10.14,10.2,10.46,10.18,10.37,55892,1.78E+11,1
836,2018/6/8,10.37,10.37,10.33,10.33,10.06,10.12,45904,1.74E+11,1
837,2018/6/11,10.12,10.12,10.06,10.13,10,10.04,32758,1.72E+11,1
838,2018/6/12,10.04,10.04,10.03,10.08,9.95,10.06,32365,1.73E+11,1
839,2018/6/13,10.06,10.06,10.04,10.06,9.95,9.95,23067,1.71E+11,1
840,2018/6/14,9.95,9.95,9.95,10.15,9.92,10.07,28012,1.73E+11,1
841,2018/6/15,10.07,10.07,10.08,10.29,10.06,10.17,41306,1.75E+11,1
842,2018/6/19,10.17,10.17,10.05,10.15,9.82,9.87,47338,1.69E+11,1
843,2018/6/20,9.87,9.87,9.87,9.95,9.76,9.91,30315,1.70E+11,1
844,2018/6/21,9.91,9.91,9.93,10.04,9.86,9.86,26979,1.69E+11,1
845,2018/6/22,9.86,9.86,9.8,9.87,9.77,9.85,25636,1.69E+11,1
846,2018/6/25,9.85,9.85,9.91,9.92,9.38,9.46,49074,1.62E+11,1
847,2018/6/26,9.46,9.46,9.39,9.44,9.09,9.36,40921,1.61E+11,1
848,2018/6/27,9.36,9.36,9.31,9.4,9.03,9.09,36551,1.56E+11,1
849,2018/6/28,9.09,9.09,8.95,9.08,8.87,8.92,37671,1.53E+11,1
850,2018/6/29,8.92,8.92,9.01,9.13,8.96,9.09,26083,1.56E+11,1
851,2018/7/2,9.09,9.09,9.05,9.05,8.55,8.61,54452,1.48E+11,1
852,2018/7/3,8.61,8.61,8.69,8.7,8.45,8.67,41463,1.49E+11,1
853,2018/7/4,8.67,8.67,8.63,8.75,8.61,8.61,27236,1.48E+11,1
854,2018/7/5,8.61,8.61,8.62,8.73,8.55,8.6,25107,1.48E+11,1
855,2018/7/6,8.6,8.6,8.61,8.78,8.45,8.66,32688,1.49E+11,1
856,2018/7/9,8.66,8.66,8.69,9.03,8.68,9.03,46386,1.55E+11,1
857,2018/7/10,9.03,9.03,9.02,9.02,8.89,8.98,28422,1.54E+11,1
858,2018/7/11,8.98,8.98,8.76,8.83,8.68,8.78,31806,1.51E+11,1
859,2018/7/12,8.64,8.78,8.6,8.97,8.58,8.88,36964,1.52E+11,1
860,2018/7/13,8.88,8.88,8.92,8.94,8.82,8.88,17943,1.52E+11,1
861,2018/7/16,8.88,8.88,8.85,8.9,8.69,8.73,30440,1.50E+11,1
862,2018/7/17,8.73,8.73,8.74,8.75,8.66,8.72,16061,1.50E+11,1
863,2018/7/18,8.72,8.72,8.75,8.85,8.69,8.7,22894,1.49E+11,1
864,2018/7/19,8.7,8.7,8.75,8.81,8.69,8.73,18679,1.50E+11,1
865,2018/7/20,8.73,8.73,8.73,9.2,8.61,9.11,53205,1.56E+11,1
866,2018/7/23,9.11,9.11,9.04,9.45,9,9.42,54884,1.62E+11,1
867,2018/7/24,9.42,9.42,9.39,9.59,9.33,9.4,49050,1.61E+11,1
868,2018/7/25,9.4,9.4,9.44,9.47,9.33,9.38,23879,1.61E+11,1
869,2018/7/26,9.38,9.38,9.4,9.48,9.21,9.25,32206,1.59E+11,1
870,2018/7/27,9.25,9.25,9.3,9.36,9.18,9.25,19879,1.59E+11,1
871,2018/7/30,9.25,9.25,9.32,9.49,9.26,9.39,27927,1.61E+11,1
872,2018/7/31,9.39,9.39,9.37,9.49,9.25,9.42,23834,1.62E+11,1
873,2018/8/1,9.42,9.42,9.42,9.5,9.11,9.15,35687,1.57E+11,1
874,2018/8/2,9.15,9.15,9.13,9.15,8.88,8.94,32212,1.54E+11,1
875,2018/8/3,8.94,8.94,8.93,9.1,8.91,8.91,21773,1.53E+11,1
876,2018/8/6,8.91,8.91,8.94,9.11,8.89,8.94,23766,1.54E+11,1
877,2018/8/7,8.94,8.94,8.96,9.17,8.88,9.17,24730,1.57E+11,1
878,2018/8/8,9.17,9.17,9.16,9.16,9.04,9.05,16956,1.55E+11,1
879,2018/8/9,9.05,9.05,9.04,9.35,9.02,9.29,28573,1.60E+11,1
880,2018/8/10,9.29,9.29,9.3,9.32,9.16,9.23,17384,1.58E+11,1
881,2018/8/13,9.23,9.23,9.12,9.16,8.9,9.05,29015,1.55E+11,1
882,2018/8/14,9.05,9.05,9.03,9.04,8.94,9,18915,1.55E+11,1
883,2018/8/15,9,9,9.02,9.02,8.75,8.79,28295,1.51E+11,1
884,2018/8/16,8.79,8.79,8.73,8.89,8.64,8.78,23769,1.51E+11,1
885,2018/8/17,8.78,8.78,8.88,8.94,8.78,8.81,23868,1.51E+11,1
886,2018/8/20,8.81,8.81,8.9,9.02,8.87,9,25671,1.55E+11,1
887,2018/8/21,9,9,9.02,9.26,9.01,9.23,41479,1.58E+11,1
888,2018/8/22,9.23,9.23,9.24,9.34,9.13,9.29,35371,1.60E+11,1
889,2018/8/23,9.29,9.29,9.3,9.42,9.23,9.36,34312,1.61E+11,1
890,2018/8/24,9.36,9.36,9.31,10.28,9.29,10.03,107957,1.72E+11,1
891,2018/8/27,10.03,10.03,10.02,10.43,9.97,10.43,72285,1.79E+11,1
892,2018/8/28,10.43,10.43,10.34,10.43,10.24,10.29,41728,1.77E+11,1
893,2018/8/29,10.29,10.29,10.25,10.33,10.15,10.27,32495,1.76E+11,1
894,2018/8/30,10.27,10.27,10.27,10.35,10.08,10.12,31761,1.74E+11,1
895,2018/8/31,10.12,10.12,10.13,10.32,10.1,10.13,37868,1.74E+11,1
896,2018/9/3,10.13,10.13,10.09,10.3,10.09,10.19,31528,1.75E+11,1
897,2018/9/4,10.19,10.19,10.2,10.55,10.07,10.43,44080,1.79E+11,1
898,2018/9/5,10.43,10.43,10.3,10.33,10.05,10.05,45724,1.73E+11,1
899,2018/9/6,10.05,10.05,10.05,10.14,9.95,9.97,29527,1.71E+11,1
900,2018/9/7,9.97,9.97,10.04,10.18,9.93,10.01,27939,1.72E+11,1
901,2018/9/10,10.01,10.01,10.01,10.07,9.84,9.88,26259,1.70E+11,1
902,2018/9/11,9.88,9.88,9.9,10.03,9.81,9.91,27617,1.70E+11,1
903,2018/9/12,9.91,9.91,9.87,9.97,9.82,9.88,21532,1.70E+11,1
904,2018/9/13,9.88,9.88,10.09,10.1,9.84,9.96,33668,1.71E+11,1
905,2018/9/14,9.96,9.96,9.98,9.98,9.81,9.84,28582,1.69E+11,1
906,2018/9/17,9.84,9.84,9.8,9.8,9.68,9.69,25118,1.66E+11,1
907,2018/9/18,9.69,9.69,9.73,10.12,9.7,10.08,38327,1.73E+11,1
908,2018/9/19,10.08,10.08,10.03,10.34,10.03,10.24,43743,1.76E+11,1
909,2018/9/20,10.24,10.24,10.27,10.36,10.19,10.23,24515,1.76E+11,1
910,2018/9/21,10.23,10.23,10.26,10.7,10.18,10.67,61930,1.83E+11,1
911,2018/9/25,10.67,10.67,10.52,10.68,10.48,10.55,31643,1.81E+11,1
912,2018/9/26,10.55,10.55,10.61,10.92,10.52,10.71,50756,1.84E+11,1
913,2018/9/27,10.71,10.71,10.65,10.84,10.57,10.74,30591,1.84E+11,1
914,2018/9/28,10.74,10.74,10.78,11.27,10.78,11.05,71510,1.90E+11,1
915,2018/10/8,11.05,11.05,10.7,10.79,10.45,10.45,57034,1.79E+11,1
916,2018/10/9,10.45,10.45,10.46,10.7,10.39,10.56,40534,1.81E+11,1
917,2018/10/10,10.56,10.56,10.54,10.66,10.38,10.45,41864,1.79E+11,1
918,2018/10/11,10.45,10.45,10.05,10.16,9.7,9.86,69923,1.69E+11,1
919,2018/10/12,9.86,9.86,9.97,10.34,9.87,10.3,53313,1.77E+11,1
920,2018/10/15,10.3,10.3,10.39,10.47,10.09,10.11,44743,1.74E+11,1
921,2018/10/16,10.11,10.11,10.14,10.54,10.12,10.37,57521,1.78E+11,1
922,2018/10/17,10.37,10.37,10.5,10.55,10.14,10.33,47275,1.77E+11,1
923,2018/10/18,10.33,10.33,10.29,10.29,10.06,10.09,39295,1.73E+11,1
924,2018/10/19,10.09,10.09,9.95,10.78,9.92,10.76,72608,1.85E+11,1
925,2018/10/22,10.76,10.76,10.81,11.46,10.78,11.15,92266,1.91E+11,1
926,2018/10/23,11.15,11.15,11.2,11.22,10.73,10.84,60624,1.86E+11,1
927,2018/10/24,10.84,10.84,10.9,11.33,10.8,11.04,66508,1.90E+11,1
928,2018/10/25,11.04,11.04,10.8,11.29,10.71,11.29,65714,1.94E+11,1
929,2018/10/26,11.29,11.29,11.29,11.31,10.96,11.18,48097,1.92E+11,1
930,2018/10/29,11.18,11.18,11.2,11.24,10.62,10.75,68735,1.85E+11,1
931,2018/10/30,10.75,10.75,10.78,11.08,10.73,10.9,53124,1.87E+11,1
932,2018/10/31,10.9,10.9,10.95,10.99,10.75,10.91,45438,1.87E+11,1
933,2018/11/1,10.91,10.91,10.99,11.05,10.76,10.83,54566,1.86E+11,1
934,2018/11/2,10.83,10.83,11.04,11.16,10.83,11.09,65699,1.90E+11,1
935,2018/11/5,11.09,11.09,10.95,11.04,10.82,10.92,50303,1.88E+11,1
936,2018/11/6,10.92,10.92,10.87,10.93,10.73,10.84,34837,1.86E+11,1
937,2018/11/7,10.84,10.84,10.83,10.95,10.75,10.81,29713,1.86E+11,1
938,2018/11/8,10.81,10.81,10.88,10.97,10.82,10.89,30881,1.87E+11,1
939,2018/11/9,10.89,10.89,10.71,10.73,10.4,10.55,69413,1.81E+11,1
940,2018/11/12,10.55,10.55,10.46,10.58,10.38,10.56,41275,1.81E+11,1
941,2018/11/13,10.56,10.56,10.41,10.65,10.38,10.54,47356,1.81E+11,1
942,2018/11/14,10.54,10.54,10.53,10.55,10.42,10.44,33911,1.79E+11,1
943,2018/11/15,10.44,10.44,10.44,10.64,10.42,10.62,35568,1.82E+11,1
944,2018/11/16,10.62,10.62,10.61,10.72,10.49,10.57,43499,1.81E+11,1
945,2018/11/19,10.57,10.57,10.57,10.88,10.57,10.85,48638,1.86E+11,1
946,2018/11/20,10.85,10.85,10.75,10.8,10.52,10.57,46194,1.81E+11,1
947,2018/11/21,10.57,10.57,10.5,10.67,10.48,10.61,24119,1.82E+11,1
948,2018/11/22,10.61,10.61,10.67,10.67,10.48,10.55,24367,1.81E+11,1
949,2018/11/23,10.55,10.55,10.53,10.58,10.31,10.32,32887,1.77E+11,1
950,2018/11/26,10.32,10.32,10.34,10.46,10.3,10.34,21625,1.78E+11,1
951,2018/11/27,10.34,10.34,10.35,10.39,10.16,10.18,32496,1.75E+11,1
952,2018/11/28,10.18,10.18,10.17,10.31,10.16,10.28,20862,1.77E+11,1
953,2018/11/29,10.28,10.28,10.35,10.39,10.19,10.2,21648,1.75E+11,1
954,2018/11/30,10.2,10.2,10.22,10.36,10.17,10.36,22887,1.78E+11,1
955,2018/12/3,10.36,10.36,10.59,10.66,10.47,10.59,38372,1.82E+11,1
956,2018/12/4,10.59,10.59,10.57,10.62,10.53,10.59,17607,1.82E+11,1
957,2018/12/5,10.59,10.59,10.49,10.51,10.4,10.45,20788,1.79E+11,1
958,2018/12/6,10.45,10.45,10.36,10.37,10.23,10.25,26910,1.76E+11,1
959,2018/12/7,10.25,10.25,10.3,10.39,10.27,10.28,13939,1.77E+11,1
960,2018/12/10,10.28,10.28,10.22,10.27,10.13,10.17,22504,1.75E+11,1
961,2018/12/11,10.17,10.17,10.21,10.26,10.17,10.23,16436,1.76E+11,1
962,2018/12/12,10.23,10.23,10.3,10.32,10.2,10.24,15699,1.76E+11,1
963,2018/12/13,10.24,10.24,10.25,10.48,10.2,10.39,27519,1.78E+11,1
964,2018/12/14,10.39,10.39,10.34,10.35,10.16,10.17,24576,1.75E+11,1
965,2018/12/17,10.17,10.17,10.16,10.33,10.1,10.29,22497,1.77E+11,1
966,2018/12/18,10.29,10.29,10.2,10.32,10.1,10.12,26675,1.74E+11,1
967,2018/12/19,10.12,10.12,10.14,10.18,9.9,9.94,29028,1.71E+11,1
968,2018/12/20,9.94,9.94,9.92,9.97,9.63,9.71,43944,1.67E+11,1
969,2018/12/21,9.71,9.71,9.68,9.7,9.33,9.45,43770,1.62E+11,1
970,2018/12/24,9.45,9.45,9.4,9.45,9.31,9.42,21980,1.62E+11,1
971,2018/12/25,9.42,9.42,9.29,9.43,9.21,9.34,27340,1.60E+11,1
972,2018/12/26,9.34,9.34,9.35,9.42,9.27,9.3,21088,1.60E+11,1
973,2018/12/27,9.3,9.3,9.45,9.49,9.28,9.28,26768,1.59E+11,1
974,2018/12/28,9.28,9.28,9.31,9.46,9.31,9.38,22504,1.61E+11,1
975,2019/1/2,9.38,9.38,9.39,9.42,9.16,9.19,25140,1.58E+11,1
976,2019/1/3,9.19,9.19,9.18,9.33,9.15,9.28,19151,1.59E+11,1
977,2019/1/4,9.28,9.28,9.24,9.82,9.22,9.75,59551,1.67E+11,1
978,2019/1/7,9.75,9.75,9.84,9.85,9.63,9.74,34912,1.67E+11,1
979,2019/1/8,9.74,9.74,9.73,9.74,9.62,9.66,21454,1.66E+11,1
980,2019/1/9,9.66,9.66,9.74,10.08,9.7,9.94,50505,1.71E+11,1
981,2019/1/10,9.94,9.94,9.87,10.2,9.86,10.1,42926,1.73E+11,1
982,2019/1/11,10.1,10.1,10.11,10.22,10.05,10.2,27565,1.75E+11,1
983,2019/1/14,10.2,10.2,10.22,10.25,10.07,10.11,24244,1.74E+11,1
984,2019/1/15,10.11,10.11,10.11,10.28,10.09,10.24,26586,1.76E+11,1
985,2019/1/16,10.24,10.24,10.24,10.5,10.23,10.48,40799,1.80E+11,1
986,2019/1/17,10.48,10.48,10.54,10.57,10.17,10.25,36888,1.76E+11,1
987,2019/1/18,10.25,10.25,10.34,10.49,10.28,10.43,31644,1.79E+11,1
988,2019/1/21,10.43,10.43,10.34,10.47,10.32,10.34,31310,1.78E+11,1
989,2019/1/22,10.34,10.34,10.34,10.44,10.26,10.28,19891,1.77E+11,1
990,2019/1/23,10.28,10.28,10.29,10.47,10.29,10.35,22946,1.78E+11,1
991,2019/1/24,10.35,10.35,10.4,10.55,10.37,10.52,30916,1.81E+11,1
992,2019/1/25,10.52,10.52,10.56,11.04,10.55,11,76228,1.89E+11,1
993,2019/1/28,11,11,11.04,11.14,10.88,10.94,41551,1.88E+11,1
994,2019/1/29,10.94,10.94,10.96,11.07,10.77,11,33378,1.89E+11,1
995,2019/1/30,11,11,10.95,11.18,10.86,10.95,25493,1.88E+11,1
996,2019/1/31,10.95,10.95,10.98,11.2,10.94,11.1,33081,1.91E+11,1
997,2019/2/1,11.1,11.1,11.2,11.25,10.96,11.2,35390,1.92E+11,1
998,2019/2/11,11.2,11.2,11.08,11.21,10.97,11.21,35243,1.92E+11,1
999,2019/2/12,11.21,11.21,11.2,11.31,11.03,11.19,39362,1.92E+11,1
1000,2019/2/13,11.19,11.19,11.19,11.41,11.12,11.38,41290,1.95E+11,1
1001,2019/2/14,11.38,11.38,11.3,11.33,11.19,11.25,32932,1.93E+11,1
1002,2019/2/15,11.25,11.25,11.23,11.23,10.9,10.95,45194,1.88E+11,1
1003,2019/2/18,10.95,10.95,11.05,11.36,11.04,11.36,44854,1.95E+11,1
1004,2019/2/19,11.36,11.36,11.36,11.62,11.24,11.27,43476,1.94E+11,1
1005,2019/2/20,11.27,11.27,11.33,11.53,11.25,11.41,30904,1.96E+11,1
1006,2019/2/21,11.41,11.41,11.38,11.55,11.28,11.36,35024,1.95E+11,1
1007,2019/2/22,11.36,11.36,11.35,11.57,11.15,11.54,39565,1.98E+11,1
1008,2019/2/25,11.54,11.54,11.7,12.64,11.57,12.55,98689,2.15E+11,1
1009,2019/2/26,12.55,12.55,12.55,12.57,12.15,12.2,75818,2.09E+11,1
1010,2019/2/27,12.2,12.2,12.24,12.66,12.15,12.4,68586,2.13E+11,1
1011,2019/2/28,12.4,12.4,12.44,12.61,12.27,12.36,45039,2.12E+11,1
1012,2019/3/1,12.36,12.36,12.48,12.78,12.2,12.76,56007,2.19E+11,1
1013,2019/3/4,12.76,12.76,12.7,13.38,12.62,12.99,83187,2.23E+11,1
1014,2019/3/5,12.99,12.99,12.91,13.29,12.84,13.06,50473,2.24E+11,1
1015,2019/3/6,13.06,13.06,13.06,13.15,12.84,13.08,50796,2.25E+11,1
1016,2019/3/7,13.08,13.08,13.06,13.06,12.55,12.74,81593,2.19E+11,1
1017,2019/3/8,12.74,12.74,12.49,12.7,12.25,12.3,65840,2.11E+11,1
1018,2019/3/11,12.3,12.3,12.3,12.49,12.05,12.32,50273,2.12E+11,1
1019,2019/3/12,12.32,12.32,12.49,12.64,12.24,12.36,54982,2.12E+11,1
1020,2019/3/13,12.36,12.36,12.34,12.55,12.13,12.37,48270,2.12E+11,1
1021,2019/3/14,12.37,12.37,12.33,12.62,12.27,12.43,44120,2.13E+11,1
1022,2019/3/15,12.43,12.43,12.34,12.68,12.34,12.5,44582,2.15E+11,1
1023,2019/3/18,12.5,12.5,12.53,12.94,12.32,12.91,64569,2.22E+11,1
1024,2019/3/19,12.91,12.91,12.92,12.94,12.61,12.79,44778,2.20E+11,1
1025,2019/3/20,12.79,12.79,12.68,12.88,12.62,12.75,33546,2.19E+11,1
1026,2019/3/21,12.75,12.75,12.77,12.8,12.58,12.69,35741,2.18E+11,1
1027,2019/3/22,12.69,12.69,12.69,12.74,12.5,12.59,32365,2.16E+11,1
1028,2019/3/25,12.59,12.59,12.4,12.4,12.1,12.11,56782,2.08E+11,1
1029,2019/3/26,12.11,12.11,12.23,12.29,12.01,12.1,37370,2.08E+11,1
1030,2019/3/27,12.1,12.1,12.24,12.47,12.18,12.38,44161,2.13E+11,1
1031,2019/3/28,12.38,12.38,12.31,12.31,12.1,12.22,31479,2.10E+11,1
1032,2019/3/29,12.22,12.22,12.26,12.82,12.21,12.82,71133,2.20E+11,1
1033,2019/4/1,12.82,12.82,12.83,13.55,12.83,13.18,79511,2.26E+11,1
1034,2019/4/2,13.18,13.18,13.28,13.48,13.23,13.36,47298,2.29E+11,1
1035,2019/4/3,13.36,13.36,13.21,13.45,13.15,13.44,37946,2.31E+11,1
1036,2019/4/4,13.44,13.44,13.43,14,13.43,13.86,75639,2.38E+11,1
1037,2019/4/8,13.86,13.86,13.9,14.43,13.72,13.96,66014,2.40E+11,1
1038,2019/4/9,13.96,13.96,13.87,13.98,13.75,13.81,41894,2.37E+11,1
1039,2019/4/10,13.81,13.81,13.75,13.88,13.4,13.73,45007,2.36E+11,1
1040,2019/4/11,13.73,13.73,13.73,13.96,13.49,13.54,34908,2.32E+11,1
1041,2019/4/12,13.54,13.54,13.49,13.59,13.21,13.42,36872,2.30E+11,1
1042,2019/4/15,13.42,13.42,13.72,14.09,13.66,13.69,60637,2.35E+11,1
1043,2019/4/16,13.69,13.69,13.67,14.58,13.55,14.58,96407,2.50E+11,1
1044,2019/4/17,14.58,14.58,14.42,14.59,14.23,14.35,51651,2.46E+11,1
1045,2019/4/18,14.35,14.35,14.3,14.37,14.11,14.34,32007,2.46E+11,1
1046,2019/4/19,14.34,14.34,14.45,14.8,14.3,14.73,52996,2.53E+11,1
1047,2019/4/22,14.73,14.73,14.6,14.84,14.08,14.15,62944,2.43E+11,1
1048,2019/4/23,14.15,14.15,14.1,14.2,13.97,14.07,40378,2.42E+11,1
1049,2019/4/24,14.07,14.07,14.45,14.6,14.16,14.44,65067,2.48E+11,1
1050,2019/4/25,14.44,14.44,14.38,14.64,14.13,14.13,49854,2.43E+11,1
1051,2019/4/26,14.13,14.13,14.08,14.25,13.7,13.79,53414,2.37E+11,1
1052,2019/4/29,13.79,13.79,13.9,14.33,13.86,14.1,48432,2.42E+11,1
1053,2019/4/30,14.1,14.1,13.99,14.05,13.59,13.85,54312,2.38E+11,1
1054,2019/5/6,13.85,13.85,13.1,13.35,12.71,12.87,90280,2.21E+11,1
1055,2019/5/7,12.87,12.87,13.03,13.09,12.72,12.95,50312,2.22E+11,1
1056,2019/5/8,12.95,12.95,12.72,12.91,12.5,12.6,51207,2.16E+11,1
1057,2019/5/9,12.6,12.6,12.52,12.58,12.05,12.16,70453,2.09E+11,1
1058,2019/5/10,12.16,12.16,12.34,12.75,12.1,12.68,63150,2.18E+11,1
1059,2019/5/13,12.68,12.68,12.33,12.54,12.23,12.3,40192,2.11E+11,1
1060,2019/5/14,12.3,12.3,12.2,12.75,12.16,12.49,58647,2.14E+11,1
1061,2019/5/15,12.49,12.49,12.58,13.11,12.57,12.92,48666,2.22E+11,1
1062,2019/5/16,12.92,12.92,12.93,12.99,12.78,12.85,32403,2.21E+11,1
1063,2019/5/17,12.85,12.85,12.92,12.93,12.36,12.44,48837,2.14E+11,1
1064,2019/5/20,12.44,12.44,12.35,12.54,12.25,12.38,39070,2.13E+11,1
1065,2019/5/21,12.38,12.38,12.4,12.73,12.36,12.56,37639,2.16E+11,1
1066,2019/5/22,12.56,12.56,12.57,12.57,12.32,12.4,28608,2.13E+11,1
1067,2019/5/23,12.4,12.4,12.24,12.42,12.14,12.29,31848,2.11E+11,1
1068,2019/5/24,12.29,12.29,12.35,12.45,12.31,12.35,23721,2.12E+11,1
1069,2019/5/27,12.35,12.35,12.21,12.42,11.93,12.37,46471,2.12E+11,1
1070,2019/5/28,12.37,12.37,12.31,12.55,12.26,12.49,38791,2.14E+11,1
1071,2019/5/29,12.49,12.49,12.36,12.59,12.26,12.4,32588,2.13E+11,1
1072,2019/5/30,12.4,12.4,12.32,12.38,12.11,12.22,35227,2.10E+11,1
1073,2019/5/31,12.22,12.22,12.16,12.4,12.11,12.18,32642,2.09E+11,1
1074,2019/6/3,12.18,12.18,12.22,12.33,11.82,11.9,61595,2.04E+11,1
1075,2019/6/4,11.9,11.9,11.89,11.94,11.6,11.85,45826,2.03E+11,1
1076,2019/6/5,11.85,11.85,11.97,12.14,11.92,11.97,38529,2.06E+11,1
1077,2019/6/6,11.97,11.97,11.97,12.07,11.89,11.92,26237,2.05E+11,1
1078,2019/6/10,11.92,11.92,12.01,12.47,11.98,12.34,51598,2.12E+11,1
1079,2019/6/11,12.34,12.34,12.34,12.72,12.3,12.65,56089,2.17E+11,1
1080,2019/6/12,12.65,12.65,12.63,12.66,12.44,12.57,40148,2.16E+11,1
1081,2019/6/13,12.57,12.57,12.54,12.68,12.43,12.59,34569,2.16E+11,1
1082,2019/6/14,12.59,12.59,12.59,12.69,12.45,12.49,30219,2.14E+11,1
1083,2019/6/17,12.49,12.49,12.48,12.79,12.48,12.67,31736,2.18E+11,1
1084,2019/6/18,12.67,12.67,12.67,12.85,12.59,12.8,25664,2.20E+11,1
1085,2019/6/19,12.8,12.8,13.29,13.39,13.01,13.07,48771,2.24E+11,1
1086,2019/6/20,13.07,13.07,13.17,13.95,13.12,13.8,66642,2.37E+11,1
1087,2019/6/21,13.8,13.8,13.76,13.87,13.58,13.64,51651,2.34E+11,1
1088,2019/6/24,13.64,13.64,13.69,13.83,13.61,13.69,29112,2.35E+11,1
1089,2019/6/25,13.69,13.69,13.72,13.72,13.07,13.43,60934,2.31E+11,1
1090,2019/6/26,13.29,13.43,13.27,13.5,13.19,13.37,29569,2.30E+11,1
1091,2019/6/27,13.37,13.37,13.5,13.85,13.45,13.71,47927,2.35E+11,1
1092,2019/6/28,13.71,13.71,13.73,13.79,13.58,13.78,32237,2.37E+11,1
1093,2019/7/1,13.78,13.78,14.01,14.18,13.87,13.93,45621,2.39E+11,1
1094,2019/7/2,13.93,13.93,13.88,14.24,13.86,14.18,53409,2.43E+11,1
1095,2019/7/3,14.18,14.18,14.18,14.21,13.87,14.01,43045,2.41E+11,1
1096,2019/7/4,14.01,14.01,14.01,14.28,13.88,13.99,32596,2.40E+11,1
1097,2019/7/5,13.99,13.99,13.95,13.98,13.69,13.92,33777,2.39E+11,1
1098,2019/7/8,13.92,13.92,13.82,13.88,13.45,13.59,40429,2.33E+11,1
1099,2019/7/9,13.59,13.59,13.63,13.71,13.44,13.59,25049,2.33E+11,1
1100,2019/7/10,13.59,13.59,13.61,13.7,13.49,13.56,21505,2.33E+11,1
1101,2019/7/11,13.56,13.56,13.68,13.78,13.53,13.54,24286,2.32E+11,1
1102,2019/7/12,13.54,13.54,13.6,14.23,13.58,14.12,56771,2.42E+11,1
1103,2019/7/15,14.12,14.12,14.03,14.12,13.84,14,38273,2.40E+11,1
1104,2019/7/16,14,14,13.97,13.99,13.71,13.75,36875,2.36E+11,1
1105,2019/7/17,13.75,13.75,13.7,13.81,13.61,13.69,23035,2.35E+11,1
1106,2019/7/18,13.69,13.69,13.65,13.81,13.56,13.67,26938,2.35E+11,1
1107,2019/7/19,13.67,13.67,13.74,14.08,13.68,13.99,38200,2.40E+11,1
1108,2019/7/22,13.99,13.99,13.96,14.02,13.76,13.85,31255,2.38E+11,1
1109,2019/7/23,13.85,13.85,13.86,13.87,13.65,13.76,27848,2.36E+11,1
1110,2019/7/24,13.76,13.76,13.87,14.01,13.79,13.88,28236,2.38E+11,1
1111,2019/7/25,13.88,13.88,13.92,14.27,13.85,14.2,44775,2.44E+11,1
1112,2019/7/26,14.2,14.2,14.18,14.25,14.08,14.23,26961,2.44E+11,1
1113,2019/7/29,14.23,14.23,14.25,14.45,14.18,14.29,39810,2.45E+11,1
1114,2019/7/30,14.29,14.29,14.31,14.55,14.29,14.37,39560,2.47E+11,1
1115,2019/7/31,14.37,14.37,14.3,14.32,14.08,14.13,39048,2.43E+11,1
1116,2019/8/1,14.13,14.13,14.06,14.19,13.94,14.1,36053,2.42E+11,1
1117,2019/8/2,14.1,14.1,13.77,13.88,13.66,13.74,48198,2.36E+11,1
1118,2019/8/5,13.74,13.74,13.6,13.64,13.27,13.35,52569,2.29E+11,1
1119,2019/8/6,13.35,13.35,13.1,13.46,13.03,13.37,44076,2.30E+11,1
1120,2019/8/7,13.37,13.37,13.49,13.64,13.37,13.54,48895,2.32E+11,1
1121,2019/8/8,13.54,13.54,13.9,14.5,13.85,14.38,93196,2.47E+11,1
1122,2019/8/9,14.38,14.38,14.55,14.85,14.43,14.52,78473,2.49E+11,1
1123,2019/8/12,14.52,14.52,14.61,15.12,14.6,15.12,83572,2.60E+11,1
1124,2019/8/13,15.12,15.12,15,15.08,14.74,14.89,61904,2.56E+11,1
1125,2019/8/14,14.89,14.89,15.14,15.22,14.8,14.97,57985,2.57E+11,1
1126,2019/8/15,14.97,14.97,14.64,14.96,14.6,14.94,45514,2.57E+11,1
1127,2019/8/16,14.94,14.94,15.09,15.14,14.78,14.9,39973,2.56E+11,1
1128,2019/8/19,14.9,14.9,14.91,14.94,14.52,14.92,84037,2.56E+11,1
1129,2019/8/20,14.92,14.92,14.92,15.2,14.77,14.99,80859,2.57E+11,1
1130,2019/8/21,14.99,14.99,14.87,14.89,14.38,14.45,83291,2.48E+11,1
1131,2019/8/22,14.45,14.45,14.4,14.45,14.2,14.31,59927,2.46E+11,1
1132,2019/8/23,14.31,14.31,14.37,14.74,14.35,14.65,63781,2.52E+11,1
1133,2019/8/26,14.65,14.65,14.42,14.5,14.15,14.25,64075,2.45E+11,1
1134,2019/8/27,14.25,14.25,14.36,14.48,14.24,14.31,53727,2.46E+11,1
1135,2019/8/28,14.31,14.31,14.26,14.28,14.05,14.27,41831,2.45E+11,1
1136,2019/8/29,14.27,14.27,14.22,14.24,14.08,14.13,36334,2.43E+11,1
1137,2019/8/30,14.13,14.13,14.29,14.39,14.1,14.16,43019,2.43E+11,1
1138,2019/9/2,14.16,14.16,14.15,14.5,14.11,14.45,55984,2.48E+11,1
1139,2019/9/3,14.45,14.45,14.48,14.51,14.25,14.3,39283,2.46E+11,1
1140,2019/9/4,14.3,14.3,14.32,14.5,14.31,14.44,44823,2.48E+11,1
1141,2019/9/5,14.44,14.44,14.56,14.85,14.55,14.58,64627,2.50E+11,1
1142,2019/9/6,14.58,14.58,14.71,14.81,14.62,14.81,43513,2.54E+11,1
1143,2019/9/9,14.81,14.81,14.98,15,14.6,14.69,58192,2.52E+11,1
1144,2019/9/10,14.69,14.69,14.6,14.64,14.41,14.55,40827,2.50E+11,1
1145,2019/9/11,14.55,14.55,14.6,14.71,14.46,14.56,33441,2.50E+11,1
1146,2019/9/12,14.56,14.56,14.66,14.78,14.53,14.68,36513,2.77E+11,1
1147,2019/9/16,14.68,14.68,14.7,14.72,14.4,14.45,40813,2.73E+11,1
1148,2019/9/17,14.45,14.45,14.36,14.45,14.18,14.24,43126,2.69E+11,1
1149,2019/9/18,14.24,14.24,14.24,14.48,14.24,14.41,33341,2.72E+11,1
1150,2019/9/19,14.41,14.41,14.48,14.89,14.48,14.84,71466,2.80E+11,1
1151,2019/9/20,14.84,14.84,14.95,15.4,14.93,15.34,104284,2.90E+11,1
1152,2019/9/23,15.34,15.34,15.34,15.47,15.18,15.38,57182,2.91E+11,1
1153,2019/9/24,15.38,15.38,15.47,15.54,15.18,15.18,54458,2.87E+11,1
1154,2019/9/25,15.18,15.18,15.2,15.85,15.19,15.75,82752,2.98E+11,1
1155,2019/9/26,15.75,15.75,15.86,16.04,15.66,15.71,67855,2.97E+11,1
1156,2019/9/27,15.71,15.71,15.85,16,15.7,15.9,51265,3.00E+11,1
1157,2019/9/30,15.9,15.9,15.75,15.89,15.57,15.59,47497,3.03E+11,1
1158,2019/10/8,15.59,15.59,15.6,16.23,15.6,16.2,66387,3.14E+11,1
1159,2019/10/9,16.2,16.2,16.1,16.52,16.02,16.25,60935,3.15E+11,1
1160,2019/10/10,16.25,16.25,16.27,16.27,15.99,16.24,42118,3.15E+11,1
1161,2019/10/11,16.24,16.24,16.2,16.95,16.2,16.81,64489,3.26E+11,1
1162,2019/10/14,16.81,16.81,16.97,17.6,16.92,17.22,86672,3.34E+11,1
1163,2019/10/15,17.22,17.22,17.25,17.35,16.82,17.18,60841,3.33E+11,1
1164,2019/10/16,17.18,17.18,17.26,17.44,16.63,16.79,83515,3.26E+11,1
1165,2019/10/17,16.79,16.79,16.9,17,16.55,16.7,55400,3.24E+11,1
1166,2019/10/18,16.7,16.7,16.8,17.04,16.43,16.51,73757,3.20E+11,1
1167,2019/10/21,16.51,16.51,16.43,16.97,16.43,16.89,59432,3.28E+11,1
1168,2019/10/22,16.89,16.89,16.91,16.93,16.03,16.42,101697,3.19E+11,1
1169,2019/10/23,16.42,16.42,16.32,16.67,16.23,16.45,57114,3.19E+11,1
1170,2019/10/24,16.45,16.45,16.5,17,16.44,16.87,65857,3.27E+11,1
1171,2019/10/25,16.87,16.87,16.78,16.96,16.58,16.88,46411,3.28E+11,1
1172,2019/10/28,16.88,16.88,16.98,17.04,16.48,16.66,64586,3.23E+11,1
1173,2019/10/29,16.66,16.66,16.69,16.93,16.56,16.91,50042,3.28E+11,1
1174,2019/10/30,16.91,16.91,16.8,16.96,16.42,16.43,54967,3.19E+11,1
1175,2019/10/31,16.43,16.43,16.42,16.47,16.24,16.26,48774,3.16E+11,1
1176,2019/11/1,16.26,16.26,16.35,17,16.28,16.86,72165,3.27E+11,1
1177,2019/11/4,16.86,16.86,16.98,17.25,16.77,16.92,52504,3.28E+11,1
1178,2019/11/5,16.92,16.92,16.8,17.44,16.79,17.15,67218,3.33E+11,1
1179,2019/11/6,17.15,17.15,17.06,17.26,16.88,16.96,49403,3.29E+11,1
1180,2019/11/7,16.96,16.96,16.93,17.07,16.75,16.89,47247,3.28E+11,1
1181,2019/11/8,16.89,16.89,16.98,17.02,16.64,16.65,55972,3.23E+11,1
1182,2019/11/11,16.65,16.65,16.5,16.53,16.2,16.28,59281,3.16E+11,1
1183,2019/11/12,16.28,16.28,16.29,16.37,16.16,16.33,33722,3.17E+11,1
1184,2019/11/13,16.33,16.33,16.29,16.46,16.06,16.33,38415,3.17E+11,1
1185,2019/11/14,16.33,16.33,16.43,16.48,16.25,16.32,32658,3.17E+11,1
1186,2019/11/15,16.32,16.32,16.39,16.55,16.24,16.34,36978,3.17E+11,1
1187,2019/11/18,16.34,16.34,16.35,16.55,16.23,16.45,35751,3.19E+11,1
1188,2019/11/19,16.45,16.45,16.45,16.48,16.31,16.41,35453,3.18E+11,1
1189,2019/11/20,16.41,16.41,16.3,16.3,15.77,15.85,105667,3.08E+11,1
1190,2019/11/21,15.85,15.85,15.75,15.87,15.63,15.86,48687,3.08E+11,1
1191,2019/11/22,15.86,15.86,15.89,15.92,15.55,15.59,56004,3.03E+11,1
1192,2019/11/25,15.59,15.59,15.64,15.84,15.54,15.8,51878,3.07E+11,1
1193,2019/11/26,15.8,15.8,15.89,15.89,15.49,15.62,51969,3.03E+11,1
1194,2019/11/27,15.62,15.62,15.64,15.64,15.39,15.47,35465,3.00E+11,1
1195,2019/11/28,15.47,15.47,15.47,15.54,15.44,15.49,23480,3.01E+11,1
1196,2019/11/29,15.49,15.49,15.54,15.55,15.18,15.29,40047,2.97E+11,1
1197,2019/12/2,15.29,15.29,15.35,15.43,15.23,15.36,34643,2.98E+11,1
1198,2019/12/3,15.36,15.36,15.3,15.46,15.21,15.45,33293,3.00E+11,1
1199,2019/12/4,15.45,15.45,15.34,15.41,15.21,15.31,37148,2.97E+11,1
1200,2019/12/5,15.31,15.31,15.35,15.48,15.3,15.43,32855,2.99E+11,1
1201,2019/12/6,15.43,15.43,15.47,15.72,15.46,15.6,44925,3.03E+11,1
1202,2019/12/9,15.6,15.6,15.62,15.62,15.35,15.41,37379,2.99E+11,1
1203,2019/12/10,15.41,15.41,15.36,15.38,15.25,15.33,30495,2.97E+11,1
1204,2019/12/11,15.33,15.33,15.38,15.68,15.3,15.66,47145,3.04E+11,1
1205,2019/12/12,15.66,15.66,15.66,15.67,15.53,15.6,28522,3.03E+11,1
1206,2019/12/13,15.6,15.6,15.85,16.12,15.77,16.12,65489,3.13E+11,1
1207,2019/12/16,16.12,16.12,16.12,16.14,15.87,16.13,52720,3.13E+11,1
1208,2019/12/17,16.13,16.13,16,16.63,15.98,16.5,77908,3.20E+11,1
1209,2019/12/18,16.5,16.5,16.43,16.66,16.41,16.46,47866,3.19E+11,1
1210,2019/12/19,16.46,16.46,16.55,16.74,16.44,16.55,41020,3.21E+11,1
1211,2019/12/20,16.55,16.55,16.55,16.68,16.44,16.59,37883,3.22E+11,1
1212,2019/12/23,16.59,16.59,16.68,16.68,16.17,16.24,44264,3.15E+11,1
1213,2019/12/24,16.24,16.24,16.23,16.5,16.23,16.4,29623,3.18E+11,1
1214,2019/12/25,16.4,16.4,16.45,16.56,16.24,16.3,31607,3.16E+11,1
1215,2019/12/26,16.3,16.3,16.34,16.48,16.32,16.47,22331,3.20E+11,1
1216,2019/12/27,16.47,16.47,16.53,16.93,16.43,16.63,54738,3.23E+11,1
1217,2019/12/30,16.63,16.63,16.46,16.63,16.1,16.57,50806,3.22E+11,1
1218,2019/12/31,16.57,16.57,16.57,16.63,16.31,16.45,40738,3.19E+11,1
1219,2020/1/2,16.45,16.45,16.65,16.95,16.55,16.87,67692,3.27E+11,1
1220,2020/1/3,16.87,16.87,16.94,17.31,16.92,17.18,58875,3.33E+11,1
1221,2020/1/6,17.18,17.18,17.01,17.34,16.91,17.07,48856,3.31E+11,1
1222,2020/1/7,17.07,17.07,17.13,17.28,16.95,17.15,45513,3.33E+11,1
1223,2020/1/8,17.15,17.15,17,17.05,16.63,16.66,52126,3.23E+11,1
1224,2020/1/9,16.66,16.66,16.81,16.93,16.53,16.79,42178,3.26E+11,1
1225,2020/1/10,16.79,16.79,16.79,16.81,16.52,16.69,37440,3.24E+11,1
1226,2020/1/13,16.69,16.69,16.75,17.03,16.61,16.99,42233,3.30E+11,1
1227,2020/1/14,16.99,16.99,16.99,17.27,16.76,16.76,60290,3.25E+11,1
1228,2020/1/15,16.76,16.76,16.79,16.86,16.45,16.52,60129,3.21E+11,1
1229,2020/1/16,16.52,16.52,16.52,16.57,16.2,16.33,62597,3.17E+11,1
1230,2020/1/17,16.33,16.33,16.38,16.55,16.35,16.39,35196,3.18E+11,1
1231,2020/1/20,16.39,16.39,16.43,16.61,16.35,16.45,42805,3.19E+11,1
1232,2020/1/21,16.45,16.45,16.34,16.34,15.93,16,60130,3.10E+11,1
1233,2020/1/22,16,16,15.92,16.16,15.71,16.09,49245,3.12E+11,1
1234,2020/1/23,16.09,16.09,15.92,15.92,15.39,15.54,71683,3.02E+11,1
1235,2020/2/3,15.54,15.54,13.99,14.7,13.99,13.99,105935,2.71E+11,1
1236,2020/2/4,13.99,13.99,14.05,14.66,14.02,14.6,92730,2.83E+11,1
1237,2020/2/5,14.6,14.6,14.59,14.89,14.32,14.63,78307,2.84E+11,1
1238,2020/2/6,14.63,14.63,14.81,14.87,14.51,14.77,64488,2.87E+11,1
1239,2020/2/7,14.77,14.77,14.6,14.69,14.41,14.62,60612,2.84E+11,1
1240,2020/2/10,14.62,14.62,14.51,14.53,14.3,14.5,67636,2.81E+11,1
1241,2020/2/11,14.5,14.5,14.6,14.94,14.56,14.79,73836,2.87E+11,1
1242,2020/2/12,14.79,14.79,14.79,14.82,14.6,14.77,53396,2.87E+11,1
1243,2020/2/13,14.77,14.77,14.71,14.88,14.61,14.65,53839,2.84E+11,1
1244,2020/2/14,14.65,14.65,14.75,15.14,14.7,15.03,77558,2.92E+11,1
1245,2020/2/17,15.03,15.03,15.04,15.37,14.93,15.37,73992,2.98E+11,1
1246,2020/2/18,15.37,15.37,15.33,15.33,15.01,15.2,58486,2.95E+11,1
1247,2020/2/19,15.2,15.2,15.1,15.37,15.08,15.24,49140,2.96E+11,1
1248,2020/2/20,15.24,15.24,15.27,15.62,15.1,15.59,65911,3.03E+11,1
1249,2020/2/21,15.59,15.59,15.49,15.72,15.45,15.58,55976,3.02E+11,1
1250,2020/2/24,15.58,15.58,15.46,15.46,15.15,15.23,66224,2.96E+11,1
1251,2020/2/25,15.23,15.23,15,15.13,14.78,15.04,70939,2.92E+11,1
1252,2020/2/26,15.04,15.04,14.77,15.27,14.7,14.99,60785,2.91E+11,1
1253,2020/2/27,14.99,14.99,14.96,15.15,14.89,15.11,50031,2.93E+11,1
1254,2020/2/28,15.11,15.11,14.85,15.04,14.46,14.5,82732,2.81E+11,1
1255,2020/3/2,14.5,14.5,14.55,14.95,14.46,14.79,58630,2.87E+11,1
1256,2020/3/3,14.79,14.79,14.96,14.99,14.63,14.72,62499,2.86E+11,1
1257,2020/3/4,14.72,14.72,14.68,14.78,14.51,14.69,46054,2.85E+11,1
1258,2020/3/5,14.69,14.69,14.8,15.64,14.73,15.39,126683,2.99E+11,1
1259,2020/3/6,15.39,15.39,15.18,15.27,15.02,15.03,68553,2.92E+11,1
1260,2020/3/9,15.03,15.03,14.71,14.73,14.42,14.45,99852,2.80E+11,1
1261,2020/3/10,14.45,14.45,14.38,14.85,14.38,14.76,63462,2.86E+11,1
1262,2020/3/11,14.76,14.76,14.77,14.88,14.62,14.69,48142,2.85E+11,1
1263,2020/3/12,14.69,14.69,14.65,14.84,14.53,14.68,47683,2.85E+11,1
1264,2020/3/13,14.68,14.68,13.9,14.58,13.9,14.52,74232,2.82E+11,1
1265,2020/3/16,14.52,14.52,14.45,14.46,13.75,13.75,98078,2.67E+11,1
1266,2020/3/17,13.75,13.75,13.75,13.97,13.13,13.41,74635,2.60E+11,1
1267,2020/3/18,13.41,13.41,13.41,13.55,12.65,12.71,87057,2.47E+11,1
1268,2020/3/19,12.71,12.71,12.68,12.74,11.91,12.23,105865,2.37E+11,1
1269,2020/3/20,12.23,12.23,12.4,12.68,12.26,12.52,73146,2.43E+11,1
1270,2020/3/23,12.52,12.52,12,12.35,11.93,12.15,56704,2.36E+11,1
1271,2020/3/24,12.15,12.15,12.4,12.68,12.27,12.61,67052,2.45E+11,1
1272,2020/3/25,12.61,12.61,12.88,13.07,12.7,12.87,60751,2.50E+11,1
1273,2020/3/26,12.87,12.87,12.78,13.34,12.72,13.06,59522,2.53E+11,1
1274,2020/3/27,13.06,13.06,13.25,13.38,13.08,13.15,38464,2.55E+11,1
1275,2020/3/30,13.15,13.15,12.85,13.04,12.76,12.94,37324,2.51E+11,1
1276,2020/3/31,12.94,12.94,13.05,13.09,12.78,12.8,32700,2.48E+11,1
1277,2020/4/1,12.8,12.8,12.86,13.13,12.82,12.89,32484,2.50E+11,1
1278,2020/4/2,12.89,12.89,12.75,12.97,12.66,12.97,37716,2.52E+11,1
1279,2020/4/3,12.97,12.97,12.82,12.89,12.55,12.61,46969,2.45E+11,1
1280,2020/4/7,12.61,12.61,12.89,12.94,12.81,12.88,46159,2.50E+11,1
1281,2020/4/8,12.88,12.88,12.88,12.92,12.72,12.78,35955,2.48E+11,1
1282,2020/4/9,12.78,12.78,12.88,12.89,12.72,12.74,37688,2.47E+11,1
1283,2020/4/10,12.74,12.74,12.76,12.98,12.65,12.79,40945,2.48E+11,1
1284,2020/4/13,12.79,12.79,12.67,12.71,12.47,12.59,34911,2.44E+11,1
1285,2020/4/14,12.59,12.59,12.65,12.86,12.57,12.86,39251,2.50E+11,1
1286,2020/4/15,12.86,12.86,12.86,12.93,12.78,12.87,30761,2.50E+11,1
1287,2020/4/16,12.87,12.87,12.79,12.79,12.54,12.68,43839,2.46E+11,1
1288,2020/4/17,12.68,12.68,12.77,13.04,12.65,12.89,65162,2.50E+11,1
1289,2020/4/20,12.89,12.89,12.86,13.05,12.77,12.99,42202,2.52E+11,1
1290,2020/4/21,12.99,12.99,13.3,13.7,13.3,13.45,106652,2.61E+11,1
1291,2020/4/22,13.45,13.45,13.37,13.42,13.16,13.23,56636,2.57E+11,1
1292,2020/4/23,13.23,13.23,13.23,13.31,13.11,13.23,40713,2.57E+11,1
1293,2020/4/24,13.23,13.23,13.17,13.28,13.11,13.24,50364,2.57E+11,1
1294,2020/4/27,13.24,13.24,13.3,13.64,13.25,13.5,50871,2.62E+11,1
1295,2020/4/28,13.5,13.5,13.45,13.56,13.27,13.52,69149,2.62E+11,1
1296,2020/4/29,13.52,13.52,13.48,14.1,13.45,14.02,78285,2.72E+11,1
1297,2020/4/30,14.02,14.02,14.02,14.32,13.88,13.93,52254,2.70E+11,1
1298,2020/5/6,13.93,13.93,13.76,13.89,13.61,13.77,54508,2.67E+11,1
1299,2020/5/7,13.77,13.77,13.76,13.76,13.6,13.69,34167,2.66E+11,1
1300,2020/5/8,13.69,13.69,13.76,14.02,13.68,13.95,44148,2.71E+11,1
1301,2020/5/11,13.95,13.95,13.92,14.13,13.9,14,41622,2.72E+11,1
1302,2020/5/12,14,14,13.95,14.05,13.72,13.79,36415,2.68E+11,1
1303,2020/5/13,13.79,13.79,13.75,13.78,13.53,13.63,38807,2.65E+11,1
1304,2020/5/14,13.63,13.63,13.55,13.59,13.22,13.3,68521,2.58E+11,1
1305,2020/5/15,13.3,13.3,13.39,13.43,13.14,13.23,44186,2.57E+11,1
1306,2020/5/18,13.23,13.23,13.2,13.34,13.12,13.2,35874,2.56E+11,1
1307,2020/5/19,13.2,13.2,13.41,13.45,13.27,13.36,41436,2.59E+11,1
1308,2020/5/20,13.36,13.36,13.38,13.62,13.27,13.51,38338,2.62E+11,1
1309,2020/5/21,13.51,13.51,13.52,13.57,13.36,13.4,32066,2.60E+11,1
1310,2020/5/22,13.4,13.4,13.33,13.34,12.92,12.92,61728,2.51E+11,1
1311,2020/5/25,12.92,12.92,12.97,12.98,12.76,12.96,31051,2.52E+11,1
1312,2020/5/26,12.96,12.96,13.02,13.07,12.94,13.04,23896,2.53E+11,1
1313,2020/5/27,13.04,13.04,13.05,13.19,12.96,13,26455,2.52E+11,1
1314,2020/5/28,12.78,13,12.87,13.18,12.81,13.07,48319,2.54E+11,1
1315,2020/5/29,13.07,13.07,13.01,13.04,12.92,13,27734,2.52E+11,1
1316,2020/6/1,13,13,13.1,13.39,13.08,13.32,47185,2.58E+11,1
1317,2020/6/2,13.32,13.32,13.29,13.63,13.28,13.55,46667,2.63E+11,1
1318,2020/6/3,13.55,13.55,13.64,13.88,13.5,13.54,51031,2.63E+11,1
1319,2020/6/4,13.54,13.54,13.53,13.64,13.41,13.57,36889,2.63E+11,1
1320,2020/6/5,13.57,13.57,13.6,13.62,13.43,13.59,25148,2.64E+11,1
1321,2020/6/8,13.59,13.59,13.68,13.85,13.58,13.62,35539,2.64E+11,1
1322,2020/6/9,13.62,13.62,13.64,13.73,13.53,13.67,26102,2.65E+11,1
1323,2020/6/10,13.67,13.67,13.71,13.71,13.4,13.49,33365,2.62E+11,1
1324,2020/6/11,13.49,13.49,13.38,13.39,13,13.08,79025,2.54E+11,1
1325,2020/6/12,13.08,13.08,12.9,13.02,12.87,12.99,70777,2.52E+11,1
1326,2020/6/15,12.99,12.99,12.85,12.97,12.8,12.82,44812,2.49E+11,1
1327,2020/6/16,12.82,12.82,12.9,12.99,12.86,12.89,34379,2.50E+11,1
1328,2020/6/17,12.89,12.89,12.89,12.92,12.76,12.85,40080,2.49E+11,1
1329,2020/6/18,12.85,12.85,12.76,12.8,12.59,12.76,67007,2.48E+11,1
1330,2020/6/19,12.76,12.76,12.73,12.84,12.61,12.8,83602,2.48E+11,1
1331,2020/6/22,12.8,12.8,12.74,12.76,12.62,12.64,80145,2.45E+11,1
1332,2020/6/23,12.64,12.64,12.65,12.69,12.52,12.6,54077,2.45E+11,1
1333,2020/6/24,12.6,12.6,12.64,12.88,12.6,12.8,78660,2.48E+11,1
1334,2020/6/29,12.8,12.8,12.92,12.97,12.71,12.8,53374,2.48E+11,1
1335,2020/6/30,12.8,12.8,12.83,12.88,12.72,12.8,42751,2.48E+11,1
1336,2020/7/1,12.8,12.8,12.79,13.15,12.74,13.12,76996,2.55E+11,1
1337,2020/7/2,13.12,13.12,13.08,13.49,12.97,13.43,124206,2.61E+11,1
1338,2020/7/3,13.43,13.43,13.57,14.32,13.56,14.25,164583,2.77E+11,1
1339,2020/7/6,14.25,14.25,14.6,15.68,14.59,15.68,208369,3.04E+11,1
1340,2020/7/7,15.68,15.68,16.3,16.63,15.03,15.48,195022,3.00E+11,1
1341,2020/7/8,15.48,15.48,15.23,16,15.23,15.76,125572,3.06E+11,1
1342,2020/7/9,15.76,15.76,15.66,15.66,15.31,15.53,117994,3.01E+11,1
1343,2020/7/10,15.53,15.53,15.35,15.48,14.76,14.86,129364,2.88E+11,1
1344,2020/7/13,14.86,14.86,14.7,15.08,14.5,14.89,115045,2.89E+11,1
1345,2020/7/14,14.89,14.89,14.9,15.19,14.55,14.68,99273,2.85E+11,1
1346,2020/7/15,14.68,14.68,14.78,14.86,14.23,14.27,111237,2.77E+11,1
1347,2020/7/16,14.27,14.27,14.3,14.55,14.12,14.15,94214,2.75E+11,1
1348,2020/7/17,14.15,14.15,14.17,14.28,13.95,14.14,70398,2.74E+11,1
1349,2020/7/20,14.14,14.14,14.23,14.77,14.1,14.73,95504,2.86E+11,1
1350,2020/7/21,14.73,14.73,14.68,14.68,14.4,14.49,78869,2.81E+11,1
1351,2020/7/22,14.49,14.49,14.49,14.65,14.27,14.41,67351,2.80E+11,1
1352,2020/7/23,14.41,14.41,14.24,14.29,13.81,14.01,104167,2.72E+11,1
1353,2020/7/24,14.01,14.01,13.97,13.99,13.42,13.5,105058,2.62E+11,1
1354,2020/7/27,13.5,13.5,13.67,13.68,13.1,13.24,85879,2.57E+11,1
1355,2020/7/28,13.24,13.24,13.34,13.43,13.18,13.34,55850,2.59E+11,1
1356,2020/7/29,13.34,13.34,13.35,13.63,13.21,13.54,76538,2.63E+11,1
1357,2020/7/30,13.54,13.54,13.5,13.51,13.37,13.37,50723,2.59E+11,1
1358,2020/7/31,13.37,13.37,13.28,13.53,13.25,13.34,63485,2.59E+11,1
1359,2020/8/3,13.34,13.34,13.47,13.62,13.43,13.59,72019,2.64E+11,1
1360,2020/8/4,13.59,13.59,13.66,14.15,13.48,14.04,128621,2.72E+11,1
1361,2020/8/5,14.04,14.04,13.82,13.85,13.62,13.76,76498,2.67E+11,1
1362,2020/8/6,13.76,13.76,13.82,13.96,13.65,13.9,69701,2.70E+11,1
1363,2020/8/7,13.9,13.9,13.8,13.9,13.62,13.7,52047,2.66E+11,1
1364,2020/8/10,13.7,13.7,13.67,14.02,13.62,13.95,81407,2.71E+11,1
1365,2020/8/11,13.95,13.95,13.97,14.66,13.97,14.13,138400,2.74E+11,1
1366,2020/8/12,14.13,14.13,14.21,14.5,14.15,14.38,85383,2.79E+11,1
1367,2020/8/13,14.38,14.38,14.4,14.46,14.14,14.18,51781,2.75E+11,1
1368,2020/8/14,14.18,14.18,14.1,14.51,14.06,14.47,59302,2.81E+11,1
1369,2020/8/17,14.47,14.47,14.6,15.35,14.55,15.19,161650,2.95E+11,1
1370,2020/8/18,15.19,15.19,15.2,15.3,14.91,15.15,76740,2.94E+11,1
1371,2020/8/19,15.15,15.15,15.11,15.35,14.96,15.1,70933,2.93E+11,1
1372,2020/8/20,15.1,15.1,15.01,15.14,14.53,14.59,84004,2.83E+11,1
1373,2020/8/21,14.59,14.59,14.71,14.71,14.32,14.45,67836,2.80E+11,1
1374,2020/8/24,14.45,14.45,14.5,14.71,14.41,14.46,53199,2.81E+11,1
1375,2020/8/25,14.46,14.46,14.56,14.69,14.46,14.6,45280,2.83E+11,1
1376,2020/8/26,14.6,14.6,14.6,14.61,14.28,14.37,49641,2.79E+11,1
1377,2020/8/27,14.37,14.37,14.4,14.46,14.11,14.46,41512,2.81E+11,1
1378,2020/8/28,14.46,14.46,14.26,15.18,14.26,15.13,126417,2.94E+11,1
1379,2020/8/31,15.13,15.13,15.3,15.68,14.99,15.08,109149,2.93E+11,1
1380,2020/9/1,15.08,15.08,14.96,15.23,14.88,15.14,56776,2.94E+11,1
1381,2020/9/2,15.14,15.14,15.01,15.53,15.01,15.32,85951,2.97E+11,1
1382,2020/9/3,15.32,15.32,15.32,15.33,14.84,14.9,75228,2.89E+11,1
1383,2020/9/4,14.9,14.9,14.73,15.06,14.6,14.96,55281,2.90E+11,1
1384,2020/9/7,14.96,14.96,14.88,15.24,14.83,14.94,58707,2.90E+11,1
1385,2020/9/8,14.94,14.94,15,15.43,15,15.43,82143,2.99E+11,1
1386,2020/9/9,15.43,15.43,15.26,15.56,15.13,15.21,63818,2.95E+11,1
1387,2020/9/10,15.21,15.21,15.32,15.48,15.2,15.34,70215,2.98E+11,1
1388,2020/9/11,15.34,15.34,15.18,15.3,14.82,15.01,59504,2.91E+11,1
1389,2020/9/14,15.01,15.01,15.01,15.3,14.92,15.3,42738,2.97E+11,1
1390,2020/9/15,15.3,15.3,15.2,15.48,15.15,15.35,43302,2.98E+11,1
1391,2020/9/16,15.35,15.35,15.32,15.54,15.21,15.44,41006,3.00E+11,1
1392,2020/9/17,15.44,15.44,15.54,15.72,15.4,15.57,59755,3.02E+11,1
1393,2020/9/18,15.57,15.57,15.62,16.09,15.52,16.07,83269,3.12E+11,1
1394,2020/9/21,16.07,16.07,16,16.05,15.71,15.86,63950,3.08E+11,1
1395,2020/9/22,15.86,15.86,15.67,15.84,15.39,15.57,55771,3.02E+11,1
1396,2020/9/23,15.57,15.57,15.59,15.83,15.51,15.63,39049,3.03E+11,1
1397,2020/9/24,15.63,15.63,15.59,15.61,15.12,15.12,71693,2.93E+11,1
1398,2020/9/25,15.12,15.12,15.2,15.31,15.11,15.19,38187,2.95E+11,1
1399,2020/9/28,15.19,15.19,15.19,15.37,14.98,15.31,38648,2.97E+11,1
1400,2020/9/29,15.31,15.31,15.39,15.41,14.76,14.8,72662,2.87E+11,1
1401,2020/9/30,14.8,14.8,14.8,15.27,14.8,15.17,71561,2.94E+11,1
